Name,Code,Barcode Symbology,Brand,Category Code,Unit Code,Sale Unit Code,Purchase Unit Code,Cost,Price,Alert Quantity,Tax Rate,Tax Method,Image,Sub category Code,Product Variants,Product Custom Field 1,Product Custom Field 2,Product Custom Field 3,Product Custom Field 4,Product Custom Field 5,Product Custom Field 6,HSN Code,Secondary Name,Supplier Name,Supplier Part No.,Supplier Price,Quantity,Details,Product Details
NUT CONNECTING ROD BOLT,005554069R1,code128,,Default Category,nos1,nos1,nos1,7.61,13,5,GST @18%,exclusive,no_image.png,,,,,,,,,73181600,,,,,0,,
NUT CONNECTING ROD BOLT,005554069R1-PB,code128,,Default Category,nos1,nos1,nos1, -   ,15,5,GST @18%,exclusive,no_image.png,,,,,,,,,73181110,,,,,0,,
PISTON AND PIN ASSEMBLY,005554074R91,code128,,Default Category,nos1,nos1,nos1,694.82,1235,5,GST @28%,exclusive,no_image.png,,,,,,,,,84099949,,,,,0,,
PISTON & PIN ASSY,005554074R91-PB,code128,,Default Category,nos1,nos1,nos1,913.9,1561,5,GST @28%,exclusive,no_image.png,,,,,,,,,84091000,,,,,0,,
PISTON AND PIN ASSENBLY,005554075R91,code128,,Default Category,nos1,nos1,nos1,777.47,1209,5,GST @28%,exclusive,no_image.png,,,,,,,,,84099990,,,,,0,,
PISTON & PIN ASSY,005554075R91-PB,code128,,Default Category,nos1,nos1,nos1,879.83,1401,5,GST @28%,exclusive,no_image.png,,,,,,,,,84099112,,,,,0,,
SET BEARING CONNECTING ROD,005554088R91,code128,,Default Category,nos1,nos1,nos1,383.19,596,5,GST @18%,exclusive,no_image.png,,,,,,,,,84821090,,,,,0,,
SET CPT BEARING CONNECTING ROD,005554088R91-PB,code128,,Default Category,nos1,nos1,nos1,515.64,797,5,GST @18%,exclusive,no_image.png,,,,,,,,,84821011,,,,,0,,
PISTON AND PIN ASSEMBLY,005554096R91,code128,,Default Category,nos1,nos1,nos1,664.52,1126,5,GST @28%,exclusive,no_image.png,,,,,,,,,84099914,,,,,0,,
CRANKCASE MAJOR ASSY -265DI BS 3,005554128R91,code128,,Default Category,nos1,nos1,nos1,39960.05,62954,5,GST @28%,exclusive,no_image.png,,,,,,,,,84099949,,,,,0,,
BELT FAN,005554153R1,code128,,Default Category,nos1,nos1,nos1,147.54,252,5,GST @18%,exclusive,no_image.png,,,,,,,,,40101110,,,,,0,,
BELT FAN,005554153R1-PB,code128,,Default Category,nos1,nos1,nos1,167.62,276,5,GST @18%,exclusive,no_image.png,,,,,,,,,85030010,,,,,0,,
GASKET CYLINDER HEAD -IMPORTED,005554163R1,code128,,Default Category,nos1,nos1,nos1,945.14,1505,5,GST @18%,exclusive,no_image.png,,,,,,,,,84841090,,,,,0,,
GASKET CYLINDER HEAD -IMPORTED,005554163R1-PB,code128,,Default Category,nos1,nos1,nos1,1047.61,1725,5,GST @18%,exclusive,no_image.png,,,,,,,,,40169310,,,,,0,,
WASHER PLAIN (G14.5X30X1.6mm),005554172R1,code128,,Default Category,nos1,nos1,nos1,3.02,5,5,GST @18%,exclusive,no_image.png,,,,,,,,,73181500,,,,,0,,
HAND BR. ASSY.,005554215R91,code128,,Default Category,nos1,nos1,nos1,540.79,786,5,GST @28%,exclusive,no_image.png,,,,,,,,,87089900,,,,,0,,
GUN GREASE LEVER TYP-UNIVERSAL,005554290R91,code128,,Default Category,nos1,nos1,nos1,3065.77,4673,5,GST @28%,exclusive,no_image.png,,,,,,,,,87081010,,,,,0,,
NUT HEXAGONAL (M10 X 1.5 X 8.0 X 6.6mm),005554365R1,code128,,Default Category,nos1,nos1,nos1,11.7,17,5,GST @18%,exclusive,no_image.png,,,,,,,,,73181600,,,,,0,,
COVER FRONT CRANK CASE,005554388R1,code128,,Default Category,nos1,nos1,nos1,1443.49,2098,5,GST @28%,exclusive,no_image.png,,,,,,,,,87089900,,,,,0,,
GASKET INJECTION PUMP GEAR COVER,005554390R1,code128,,Default Category,nos1,nos1,nos1,14.79,23,5,GST @18%,exclusive,no_image.png,,,,,,,,,84841090,,,,,0,,
GASKET INJECTION PUMP GEAR COV,005554390R1-PB,code128,,Default Category,nos1,nos1,nos1,17.58,28,5,GST @18%,exclusive,no_image.png,,,,,,,,,40169310,,,,,0,,
BUSH CAMSHAFT FRONT-MENON,005554460R1,code128,,Default Category,nos1,nos1,nos1,23.62,36,5,GST @18%,exclusive,no_image.png,,,,,,,,,84839000,,,,,0,,
BUSH CAM SHAFT FRONT,005554460R2,code128,,Default Category,nos1,nos1,nos1,0.66,1,5,GST @18%,exclusive,no_image.png,,,,,,,,,73181110,,,,,0,,
BUSH CAM SHAFT CENTER,005554461R1,code128,,Default Category,nos1,nos1,nos1,18.59,30,5,GST @18%,exclusive,no_image.png,,,,,,,,,84839000,,,,,0,,
BUSH CAM SHAFT REAR,005554462R1,code128,,Default Category,nos1,nos1,nos1,18.59,30,5,GST @18%,exclusive,no_image.png,,,,,,,,,84839000,,,,,0,,
HOUSING THERMOSTAT (4DI),005554507R1,code128,,Default Category,nos1,nos1,nos1,288.88,460,5,GST @28%,exclusive,no_image.png,,,,,,,,,87089100,,,,,0,,
HOUSING THERMOSTAT,005554508R1,code128,,Default Category,nos1,nos1,nos1,290.02,451,5,GST @28%,exclusive,no_image.png,,,,,,,,,87089100,,,,,0,,
HOUSING THERMOSTAT 3/2 CYL,005554508R1-PB,code128,,Default Category,nos1,nos1,nos1,216.73,315,5,GST @#N/A,exclusive,no_image.png,,,,,,,,,,,,,,0,,
CAP RADIATOR ASSY - BHARAT,005554582R91,code128,,Default Category,nos1,nos1,nos1,46.1,67,5,GST @18%,exclusive,no_image.png,,,,,,,,,84818050,,,,,0,,
BRACKET CLAMP MOUNTING,005554583R91,code128,,Default Category,nos1,nos1,nos1,262.87,449,5,GST @28%,exclusive,no_image.png,,,,,,,,,87089900,,,,,0,,
BRACKET CLAMP MOUNTING,005554583R91-PB,code128,,Default Category,nos1,nos1,nos1,333.19,489,5,GST @18%,exclusive,no_image.png,,,,,,,,,83025000,,,,,0,,
BEADING RUBBER - LARGE,005554584R1,code128,,Default Category,nos1,nos1,nos1,26.35,45,5,GST @28%,exclusive,no_image.png,,,,,,,,,87089900,,,,,0,,
BEADING RUBBER - LARGE,005554584R1-PB,code128,,Default Category,nos1,nos1,nos1,33.28,53,5,GST @18%,exclusive,no_image.png,,,,,,,,,40169990,,,,,0,,
BODY CPTE AIR-CLEANER,005554585R91,code128,,Default Category,nos1,nos1,nos1,360.64,616,5,GST @28%,exclusive,no_image.png,,,,,,,,,87089900,,,,,0,,
BODY CPTE AIR-CLEANER,005554585R91-PB,code128,,Default Category,nos1,nos1,nos1,510.56,882,5,GST @28%,exclusive,no_image.png,,,,,,,,,87089900,,,,,0,,
BEADING RUBBER SMALL,005554592R1,code128,,Default Category,nos1,nos1,nos1,40.4,69,5,GST @28%,exclusive,no_image.png,,,,,,,,,87089900,,,,,0,,
BEADING RUBBER SMALL,005554592R1-PB,code128,,Default Category,nos1,nos1,nos1,28.1,48,5,GST @18%,exclusive,no_image.png,,,,,,,,,40169990,,,,,0,,
CAP RADIATOR ASSY,005554649R91,code128,,Default Category,nos1,nos1,nos1,76.7,131,5,GST @28%,exclusive,no_image.png,,,,,,,,,87089100,,,,,0,,
WATER PUMP (WITH KACO SEAL),005554716R93,code128,,Default Category,nos1,nos1,nos1,1579.03,2295,5,GST @28%,exclusive,no_image.png,,,,,,,,,84133030,,,,,0,,
PULLEY ASSEMBLY,005554719R91,code128,,Default Category,nos1,nos1,nos1,438.34,698,5,GST @18%,exclusive,no_image.png,,,,,,,,,84835010,,,,,0,,
SEAL WATER PUMP UNITIZED-KACO,005554734R91,code128,,Default Category,nos1,nos1,nos1,497.95,759,5,GST @18%,exclusive,no_image.png,,,,,,,,,40169330,,,,,0,,
GASKET CYLINDER HEAD,005554767R1,code128,,Default Category,nos1,nos1,nos1,330.54,514,5,GST @18%,exclusive,no_image.png,,,,,,,,,84841090,,,,,0,,
GASKET CYL HEAD 4 CYL DI,005554767R1-PB,code128,,Default Category,nos1,nos1,nos1,343.44,505,5,GST @18%,exclusive,no_image.png,,,,,,,,,40169310,,,,,0,,
GASKET CYLINDER HEAD,005554768R1,code128,,Default Category,nos1,nos1,nos1,344.04,535,5,GST @18%,exclusive,no_image.png,,,,,,,,,84841090,,,,,0,,
GASKET CYL HEAD 3 CYL DI,005554768R1-PB,code128,,Default Category,nos1,nos1,nos1,371.05,545,5,GST @18%,exclusive,no_image.png,,,,,,,,,40169310,,,,,0,,
PLATE RETAINER,005554810R1,code128,,Default Category,nos1,nos1,nos1,26.24,40,5,GST @28%,exclusive,no_image.png,,,,,,,,,87089900,,,,,0,,
SHAFT CPT VALVE LVR W/PLUG-4DI,005554816R91,code128,,Default Category,nos1,nos1,nos1,329.03,562,5,GST @28%,exclusive,no_image.png,,,,,,,,,87084000,,,,,0,,
SHAFT CPT VALVE LVR W/PLUG-4DI,005554816R91-PB,code128,,Default Category,nos1,nos1,nos1,367.38,585,5,GST @28%,exclusive,no_image.png,,,,,,,,,87089900,,,,,0,,
SHAFT CPT VALVE LVR W/PLUG-3DI,005554833R91,code128,,Default Category,nos1,nos1,nos1,232.43,397,5,GST @28%,exclusive,no_image.png,,,,,,,,,87084000,,,,,0,,
SHAFT CPT VALVE LVR W/PLUG-3DI,005554833R91-PB,code128,,Default Category,nos1,nos1,nos1,271.3,432,5,GST @28%,exclusive,no_image.png,,,,,,,,,87089900,,,,,0,,
SHAFT CPT VALVE LVR W/PLUG-2DI,005554834R91,code128,,Default Category,nos1,nos1,nos1,151.63,259,5,GST @28%,exclusive,no_image.png,,,,,,,,,87084000,,,,,0,,
SHAFT CPT VALVE LVR W/PLUG-2DI,005554834R91-PB,code128,,Default Category,nos1,nos1,nos1,173.86,265,5,GST @28%,exclusive,no_image.png,,,,,,,,,87089900,,,,,0,,
GUARD ALTERNATOR,005554914R13,code128,,Default Category,nos1,nos1,nos1,61.47,105,5,GST @18%,exclusive,no_image.png,,,,,,,,,85030090,,,,,0,,
GUARD ALTERNATOR,005554914R13-PB,code128,,Default Category,nos1,nos1,nos1,76.76,117,5,GST @28%,exclusive,no_image.png,,,,,,,,,87089900,,,,,0,,
BODY CPT AIRCLEANER,005554977R91,code128,,Default Category,nos1,nos1,nos1,1001.15,1526,5,GST @28%,exclusive,no_image.png,,,,,,,,,87089900,,,,,0,,
BOLT CYLINDER HEAD (SHORT),005554988R1,code128,,Default Category,nos1,nos1,nos1,28.69,49,5,GST @18%,exclusive,no_image.png,,,,,,,,,73181500,,,,,0,,
BOLT CYLINDER HEAD (SHORT),005554988R1-PB,code128,,Default Category,nos1,nos1,nos1,33.44,50,5,GST @18%,exclusive,no_image.png,,,,,,,,,73181110,,,,,0,,
BOLT CYLINDER HEAD (LONG),005554989R1,code128,,Default Category,nos1,nos1,nos1,48.59,83,5,GST @18%,exclusive,no_image.png,,,,,,,,,73181500,,,,,0,,
BOLT CYLINDER HEAD (LONG),005554989R1-PB,code128,,Default Category,nos1,nos1,nos1,59.44,88,5,GST @18%,exclusive,no_image.png,,,,,,,,,73181110,,,,,0,,
PULLEY FAN DRIVE (4 CYLINDER),005555051R1,code128,,Default Category,nos1,nos1,nos1,574.34,981,5,GST @18%,exclusive,no_image.png,,,,,,,,,84835010,,,,,0,,
PULLEY FAN DRIVE - 4 CYL,005555051R1-PB,code128,,Default Category,nos1,nos1,nos1,747.32,1190,5,GST @18%,exclusive,no_image.png,,,,,,,,,84835010,,,,,0,,
PULLEY FAN DRIVE,005555053R1,code128,,Default Category,nos1,nos1,nos1,785.69,1342,5,GST @18%,exclusive,no_image.png,,,,,,,,,84835010,,,,,0,,
PULLEY FAN DRIVE - 2 CYL,005555053R1-PB,code128,,Default Category,nos1,nos1,nos1,1022.38,1628,5,GST @18%,exclusive,no_image.png,,,,,,,,,84835010,,,,,0,,
CAM SHAFT - 3 CYL DI,005555078R2,code128,,Default Category,nos1,nos1,nos1,885.55,1574,5,GST @18%,exclusive,no_image.png,,,,,,,,,84831099,,,,,0,,
ADAPTER SPIN ON FILTER,005555161R1,code128,,Default Category,nos1,nos1,nos1,174.41,250,5,GST @18%,exclusive,no_image.png,,,,,,,,,84219900,,,,,0,,
HOSE AIR INTAKE,005555174R1,code128,,Default Category,nos1,nos1,nos1,227.5,393,5,GST @18%,exclusive,no_image.png,,,,,,,,,40092100,,,,,0,,
HOSE AIR INTAKE-EPDM,005555174R1-PB,code128,,Default Category,nos1,nos1,nos1,280.72,447,5,GST @18%,exclusive,no_image.png,,,,,,,,,40091100,,,,,0,,
HOSE PIPE RADIATOR INLET,005555176R1,code128,,Default Category,nos1,nos1,nos1,125.11,212,5,GST @18%,exclusive,no_image.png,,,,,,,,,40092200,,,,,0,,
HOSE RADIATOR OUTLET,005555177R1,code128,,Default Category,nos1,nos1,nos1,153.39,262,5,GST @18%,exclusive,no_image.png,,,,,,,,,40092200,,,,,0,,
HOSE RADIATOR OUTLET GENSET,005555177R1-PB,code128,,Default Category,nos1,nos1,nos1,143.57,229,5,GST @18%,exclusive,no_image.png,,,,,,,,,40091100,,,,,0,,
VALVE RING ASSEMBLY,005555183R91,code128,,Default Category,nos1,nos1,nos1,133.76,213,5,GST @28%,exclusive,no_image.png,,,,,,,,,84099949,,,,,0,,
SET OF RING VALVE SEAT IN/OUT,005555183R91-PB,code128,,Default Category,nos1,nos1,nos1,146.32,233,5,GST @28%,exclusive,no_image.png,,,,,,,,,84099199,,,,,0,,
SET OF VALVE,005555185R91,code128,,Default Category,nos1,nos1,nos1,216.07,336,5,GST @28%,exclusive,no_image.png,,,,,,,,,87089900,,,,,0,,
SET OF VALVE INLET/OUTLET,005555185R91-PB,code128,,Default Category,nos1,nos1,nos1,225.45,359,5,GST @28%,exclusive,no_image.png,,,,,,,,,84099111,,,,,0,,
KEY STARTER SWITCH (WITH PLASTIC MOULD),005555207R1,code128,,Default Category,nos1,nos1,nos1,26.37,41,5,GST @18%,exclusive,no_image.png,,,,,,,,,83017000,,,,,0,,
KEY STARTER SWITCH (NEW WITH PLASTIC MOU,005555207R1-PB,code128,,Default Category,nos1,nos1,nos1,27.27,44,5,GST @18%,exclusive,no_image.png,,,,,,,,,85030010,,,,,0,,
GASKET CRANKCASE FRONT COVER,005555211R1,code128,,Default Category,nos1,nos1,nos1,106.75,166,5,GST @18%,exclusive,no_image.png,,,,,,,,,84841090,,,,,0,,
GASKET CR'CASE FRT CVR,005555211R1-PB,code128,,Default Category,nos1,nos1,nos1,115.2,170,5,GST @18%,exclusive,no_image.png,,,,,,,,,40169310,,,,,0,,
GASKET CRANK CASE FRONT PLATE,005555212R1,code128,,Default Category,nos1,nos1,nos1,82.96,129,5,GST @18%,exclusive,no_image.png,,,,,,,,,84841090,,,,,0,,
GASKET CRANK CASE FRONT PLATE,005555212R1-PB,code128,,Default Category,nos1,nos1,nos1,83.65,123,5,GST @18%,exclusive,no_image.png,,,,,,,,,40169310,,,,,0,,
SILENCER CPT W/BEND OUTLET,005555259R92,code128,,Default Category,nos1,nos1,nos1,593.08,862,5,GST @18%,exclusive,no_image.png,,,,,,,,,84818050,,,,,0,,
BUSH BI-MET  28.033X30.975X25.00,005555263R1,code128,,Default Category,nos1,nos1,nos1,36.65,57,5,GST @18%,exclusive,no_image.png,,,,,,,,,84833000,,,,,0,,
BUSH BI-MET  28.033X30.975X25.00,005555263R1-PB,code128,,Default Category,nos1,nos1,nos1,40.8,61,5,GST @18%,exclusive,no_image.png,,,,,,,,,84839000,,,,,0,,
WASHER - 69078301,005555268R1,code128,,Default Category,nos1,nos1,nos1,37.81,61,5,GST @18%,exclusive,no_image.png,,,,,,,,,73181110,,,,,0,,
WASHER SEALING AIR CLEANER,005555341R1,code128,,Default Category,nos1,nos1,nos1,15.81,27,5,GST @18%,exclusive,no_image.png,,,,,,,,,73181500,,,,,0,,
WASHER SEALING AIR CLEANER,005555341R1-PB,code128,,Default Category,nos1,nos1,nos1,20.73,31,5,GST @18%,exclusive,no_image.png,,,,,,,,,73181110,,,,,0,,
OILPAN CRANKCASE-INC-CAP-3 CY,005555342R1,code128,,Default Category,nos1,nos1,nos1,522.88,797,5,GST @28%,exclusive,no_image.png,,,,,,,,,84091000,,,,,0,,
OIL PAN (3 DI),005555342R2,code128,,Default Category,nos1,nos1,nos1,727.73,1243,5,GST @28%,exclusive,no_image.png,,,,,,,,,87089900,,,,,0,,
OIL PAN 3 DI,005555342R2-PB,code128,,Default Category,nos1,nos1,nos1,840.26,1338,5,GST @28%,exclusive,no_image.png,,,,,,,,,87089900,,,,,0,,
OIL PAN (4 DI),005555343R1,code128,,Default Category,nos1,nos1,nos1,988.26,1688,5,GST @28%,exclusive,no_image.png,,,,,,,,,84099949,,,,,0,,
OIL PAN / 4 DI,005555343R1-PB,code128,,Default Category,nos1,nos1,nos1,1038.71,1654,5,GST @28%,exclusive,no_image.png,,,,,,,,,87089900,,,,,0,,
BOLT HEXAGON (G7.9375X1.41X50.80X10.9mm),005555358R1,code128,,Default Category,nos1,nos1,nos1,8.26,12,5,GST @18%,exclusive,no_image.png,,,,,,,,,73181500,,,,,0,,
BOLT (G7.9375X1.41X63.50X10.9mm),005555359R1,code128,,Default Category,nos1,nos1,nos1,9.95,17,5,GST @18%,exclusive,no_image.png,,,,,,,,,73181500,,,,,0,,
BOLT HEX G7.9375X1.41X63.50X10.9,005555359R1-PB,code128,,Default Category,nos1,nos1,nos1,14.04,21,5,GST @18%,exclusive,no_image.png,,,,,,,,,73181500,,,,,0,,
BOLT (G7.9375X1.41X69.85X10.9),005555360R1,code128,,Default Category,nos1,nos1,nos1,6.64,11,5,GST @18%,exclusive,no_image.png,,,,,,,,,73181500,,,,,0,,
BOLT (G7.9375X1.41X19.05X BS 5),005555361R1,code128,,Default Category,nos1,nos1,nos1,4.1,7,5,GST @18%,exclusive,no_image.png,,,,,,,,,73181500,,,,,0,,
BOLT HEX G7.9375 X 1.41 X 19.05 X BS 5,005555361R1-PB,code128,,Default Category,nos1,nos1,nos1, -   ,8,5,GST @18%,exclusive,no_image.png,,,,,,,,,73181110,,,,,0,,
HOSE RADIATOR INLET,005555509R1,code128,,Default Category,nos1,nos1,nos1,119.62,193,5,GST @18%,exclusive,no_image.png,,,,,,,,,40091100,,,,,0,,
HOSE INLET RADIATOR - EPDM,005555509R1-PB,code128,,Default Category,nos1,nos1,nos1,110.95,188,5,GST @18%,exclusive,no_image.png,,,,,,,,,40091100,,,,,0,,
EXHAUST PIPE MANIFOLD TO SILENCER,005555527R11,code128,,Default Category,nos1,nos1,nos1,209.28,319,5,GST @28%,exclusive,no_image.png,,,,,,,,,87089200,,,,,0,,
SLEEVE ENGINE CYLINDER (MDI),005555531R1,code128,,Default Category,nos1,nos1,nos1,608.34,946,5,GST @28%,exclusive,no_image.png,,,,,,,,,84099949,,,,,0,,
SLEEVE CYLINDER - 432 CYL DI,005555531R1-PB,code128,,Default Category,nos1,nos1,nos1,527.35,874,5,GST @28%,exclusive,no_image.png,,,,,,,,,84099990,,,,,0,,
ENGINE REPAIR KIT,005555532R94,code128,,Default Category,nos1,nos1,nos1,7646.38,11655,5,GST @18%,exclusive,no_image.png,,,,,,,,,82055990,,,,,0,,
ENGINE REPAIR KIT,005555533R94,code128,,Default Category,nos1,nos1,nos1,9776.61,14902,5,GST @18%,exclusive,no_image.png,,,,,,,,,82055990,,,,,0,,
ENGINE REPAIR KIT (3 DI),005555534R93,code128,,Default Category,nos1,nos1,nos1,8335.24,12705,5,GST @18%,exclusive,no_image.png,,,,,,,,,82055990,,,,,0,,
CLIP HOSE,005555559R91,code128,,Default Category,nos1,nos1,nos1,11.12,19,5,GST @18%,exclusive,no_image.png,,,,,,,,,83023090,,,,,0,,
CLIP HOSE,005555559R91-PB,code128,,Default Category,nos1,nos1,nos1,16.05,24,5,GST @18%,exclusive,no_image.png,,,,,,,,,73181110,,,,,0,,
CLIP HOSE AIR CLEANER END,005555585R91,code128,,Default Category,nos1,nos1,nos1,11.99,17,5,GST @18%,exclusive,no_image.png,,,,,,,,,83023090,,,,,0,,
CLIP HOSE AIR CLEANER END,005555585R91-PB,code128,,Default Category,nos1,nos1,nos1,14.71,22,5,GST @18%,exclusive,no_image.png,,,,,,,,,73181110,,,,,0,,
RADIATOR CPTE WITH CAP W/O COW,005555723R91,code128,,Default Category,nos1,nos1,nos1,12199.53,19426,5,GST @28%,exclusive,no_image.png,,,,,,,,,87089100,,,,,0,,
DIFFERENTIAL CASE ASSEMBLY,005555774R11,code128,,Default Category,nos1,nos1,nos1,4588.48,6994,5,GST @28%,exclusive,no_image.png,,,,,,,,,87084000,,,,,0,,
PIPE CPT FEED PUMP TO FILTER,005555832R11,code128,,Default Category,nos1,nos1,nos1,112.15,163,5,GST @18%,exclusive,no_image.png,,,,,,,,,73041910,,,,,0,,
PIPE COMPLETE FEED PUMP TO FILTER,005555832R12,code128,,Default Category,nos1,nos1,nos1,112.3,194,5,GST @28%,exclusive,no_image.png,,,,,,,,,87089900,,,,,0,,
PIPE CPT FEED PUMP TO FILTER,005555832R12-PB,code128,,Default Category,nos1,nos1,nos1,130.25,225,5,GST @28%,exclusive,no_image.png,,,,,,,,,87089900,,,,,0,,
PIPE CPT FILTER TO INJECTION P,005555833R11,code128,,Default Category,nos1,nos1,nos1,78.77,140,5,GST @18%,exclusive,no_image.png,,,,,,,,,73041910,,,,,0,,
PIPE FILTER TO INJECTION PUMP,005555833R12,code128,,Default Category,nos1,nos1,nos1,104.2,180,5,GST @28%,exclusive,no_image.png,,,,,,,,,87089900,,,,,0,,
PIPE CPT FILTER TO INJECTION PUMP,005555833R12-PB,code128,,Default Category,nos1,nos1,nos1,126.77,219,5,GST @28%,exclusive,no_image.png,,,,,,,,,84099990,,,,,0,,
CIRCLIP (INT - LUG 28 X 1.2),005555844R1,code128,,Default Category,nos1,nos1,nos1,6.19,9,5,GST @18%,exclusive,no_image.png,,,,,,,,,73182910,,,,,0,,
CIRCLIP INT - LUG 160 X 4,005555844R1-PB,code128,,Default Category,nos1,nos1,nos1,7.24,12,5,GST @18%,exclusive,no_image.png,,,,,,,,,73181110,,,,,0,,
FILTER AIR CLEANER,005555890R91,code128,,Default Category,nos1,nos1,nos1,92.62,160,5,GST @18%,exclusive,no_image.png,,,,,,,,,84213100,,,,,0,,
FILTER FOR AIR CLEANER,005555890R91-PB,code128,,Default Category,nos1,nos1,nos1,93.16,144,5,GST @18%,exclusive,no_image.png,,,,,,,,,84213990,,,,,0,,
COVER INJECTION PUMP GEAR,005555948R1,code128,,Default Category,nos1,nos1,nos1,92.5,158,5,GST @28%,exclusive,no_image.png,,,,,,,,,84099949,,,,,0,,
COVER INJECTION PUMP GEAR,005555948R1-PB,code128,,Default Category,nos1,nos1,nos1,106.04,157,5,GST @18%,exclusive,no_image.png,,,,,,,,,84841010,,,,,0,,
WASHER PLAIN (G6.502X16.002X1.016),005555955R1,code128,,Default Category,nos1,nos1,nos1,3.44,5,5,GST @18%,exclusive,no_image.png,,,,,,,,,73182200,,,,,0,,
BOLT (HEX G15.875X2.31X44.45X8.8),005555987R1,code128,,Default Category,nos1,nos1,nos1,31.65,46,5,GST @18%,exclusive,no_image.png,,,,,,,,,73181500,,,,,0,,
WASHER SPRING  (M10X18X2.2),005555988R1,code128,,Default Category,nos1,nos1,nos1,2.52,4,5,GST @18%,exclusive,no_image.png,,,,,,,,,73182200,,,,,0,,
AIRCLEANER,005556008R92,code128,,Default Category,nos1,nos1,nos1,1516.93,2591,5,GST @18%,exclusive,no_image.png,,,,,,,,,84213100,,,,,0,,
AIR CLEANER,005556008R92-PB,code128,,Default Category,nos1,nos1,nos1,1711.13,2487,5,GST @18%,exclusive,no_image.png,,,,,,,,,84213920,,,,,0,,
HYDRAULIC FILTER,005556039R91,code128,,Default Category,nos1,nos1,nos1,152.05,252,5,GST @18%,exclusive,no_image.png,,,,,,,,,84212300,,,,,0,,
PLATE ALTERNATOR BRACE,005556077R1,code128,,Default Category,nos1,nos1,nos1,26.83,39,5,GST @28%,exclusive,no_image.png,,,,,,,,,84099990,,,,,0,,
BELT ALTERNATOR,005556085R1,code128,,Default Category,nos1,nos1,nos1,91.1,150,5,GST @18%,exclusive,no_image.png,,,,,,,,,40103290,,,,,0,,
BELT GEN./ALT. COGGED (HILTON),005556085R1-PB,code128,,Default Category,nos1,nos1,nos1,120.02,205,5,GST @18%,exclusive,no_image.png,,,,,,,,,40101190,,,,,0,,
HOSE CLIP WORN DRIVE,005556103R91,code128,,Default Category,nos1,nos1,nos1,9.18,14,5,GST @18%,exclusive,no_image.png,,,,,,,,,83023090,,,,,0,,
LATCH HOOD  RH (BP POWER STEERING),005556120R92,code128,,Default Category,nos1,nos1,nos1,30.18,46,5,GST @28%,exclusive,no_image.png,,,,,,,,,87089900,,,,,0,,
HOSE THERMOSTAT BYPASS,005556140R1,code128,,Default Category,nos1,nos1,nos1,42.74,73,5,GST @18%,exclusive,no_image.png,,,,,,,,,40092100,,,,,0,,
HOSE THERMOSTAT BY PASS,005556140R1-PB,code128,,Default Category,nos1,nos1,nos1,50.83,76,5,GST @18%,exclusive,no_image.png,,,,,,,,,40091100,,,,,0,,
COVER VALVE HOUSING (3DI-SHT MT),005556203R91,code128,,Default Category,nos1,nos1,nos1,427.97,731,5,GST @18%,exclusive,no_image.png,,,,,,,,,39269099,,,,,0,,
COVER CPT VALVE HSG 3DI-SHT MT,005556203R91-PB,code128,,Default Category,nos1,nos1,nos1,522.5,832,5,GST @28%,exclusive,no_image.png,,,,,,,,,84099990,,,,,0,,
BRACKET ALTERNATOR MOUNTING 3DI,005556224R91,code128,,Default Category,nos1,nos1,nos1,123.16,179,5,GST @18%,exclusive,no_image.png,,,,,,,,,83025000,,,,,0,,
PLATE ALTERNATOR BRACE,005556225R1,code128,,Default Category,nos1,nos1,nos1,49.76,85,5,GST @28%,exclusive,no_image.png,,,,,,,,,87089900,,,,,0,,
PLATE ALTERNATOR BRACE,005556225R1-PB,code128,,Default Category,nos1,nos1,nos1,54.01,86,5,GST @28%,exclusive,no_image.png,,,,,,,,,84099990,,,,,0,,
SILENCER COMPLETE POWDER COATED,005556243R92,code128,,Default Category,nos1,nos1,nos1,944.67,1373,5,GST @28%,exclusive,no_image.png,,,,,,,,,87089200,,,,,0,,
SILENCER POWDER COATED,005556243R93,code128,,Default Category,nos1,nos1,nos1,1458.92,2255,5,GST @28%,exclusive,no_image.png,,,,,,,,,87089200,,,,,0,,
ALTERNATOR,005556257R91,code128,,Default Category,nos1,nos1,nos1,7442.25,11573,5,GST @18%,exclusive,no_image.png,,,,,,,,,85016100,,,,,0,,
ALTERNATOR,005556257R91-PB,code128,,Default Category,nos1,nos1,nos1,7980.26,12546,5,GST @18%,exclusive,no_image.png,,,,,,,,,85016200,,,,,0,,
FARMER KIT OF TRACTOR PARTS,005556282R95,code128,,Default Category,nos1,nos1,nos1,1364.71,2150,5,GST @18%,exclusive,no_image.png,,,,,,,,,84212300,,,,,0,,
BOLT (HEX M10X1.5X85X5),005556320R1,code128,,Default Category,nos1,nos1,nos1,12.29,21,5,GST @18%,exclusive,no_image.png,,,,,,,,,73181500,,,,,0,,
BOLT HEX M10X1.5X85X5,005556320R1-PB,code128,,Default Category,nos1,nos1,nos1,18.06,27,5,GST @18%,exclusive,no_image.png,,,,,,,,,73181110,,,,,0,,
BOLT HEX M10X1.5X32X5,005556322R1,code128,,Default Category,nos1,nos1,nos1,4.13,6,5,GST @18%,exclusive,no_image.png,,,,,,,,,73181500,,,,,0,,
STARTER SWITCH WITH PVC BOOT,005556415R91,code128,,Default Category,nos1,nos1,nos1,141.73,206,5,GST @28%,exclusive,no_image.png,,,,,,,,,87081010,,,,,0,,
HEAT SHIELD FOR DOWN SWEPT,005556441R92,code128,,Default Category,nos1,nos1,nos1,97.19,166,5,GST @18%,exclusive,no_image.png,,,,,,,,,85030010,,,,,0,,
THERMOSTAT ASSEMBLY,005556450R92,code128,,Default Category,nos1,nos1,nos1,166.86,285,5,GST @18%,exclusive,no_image.png,,,,,,,,,90321090,,,,,0,,
THERMOSTAT ST STEEL 82C,005556450R92-PB,code128,,Default Category,nos1,nos1,nos1,210.24,334,5,GST @18%,exclusive,no_image.png,,,,,,,,,90321010,,,,,0,,
SPACER TOOL BOX,005556463R1,code128,,Default Category,nos1,nos1,nos1,41.33,63,5,GST @28%,exclusive,no_image.png,,,,,,,,,87089900,,,,,0,,
PISTON,005556524R1,code128,,Default Category,nos1,nos1,nos1,895.8,1393,5,GST @28%,exclusive,no_image.png,,,,,,,,,84099112,,,,,0,,
PISTON,005556524R1-PB,code128,,Default Category,nos1,nos1,nos1,968.66,1595,5,GST @28%,exclusive,no_image.png,,,,,,,,,84099912,,,,,0,,
INJECTOR ASSEMBLY,005556525R91,code128,,Default Category,nos1,nos1,nos1,4311.78,6705,5,GST @28%,exclusive,no_image.png,,,,,,,,,84099949,,,,,0,,
INJECTOR ASSY-MICO NO.F103,005556525R91-PB,code128,,Default Category,nos1,nos1,nos1,5016.46,7988,5,GST @28%,exclusive,no_image.png,,,,,,,,,84099930,,,,,0,,
WASHER INJECTOR (PS TYPE),005556526R1,code128,,Default Category,nos1,nos1,nos1,24.59,42,5,GST @18%,exclusive,no_image.png,,,,,,,,,73182200,,,,,0,,
WASHER INJECTOR - PS TYPE,005556526R1-PB,code128,,Default Category,nos1,nos1,nos1,31.43,47,5,GST @18%,exclusive,no_image.png,,,,,,,,,73181110,,,,,0,,
HEAD CYLINDER ASSY - 3DI - LON,005556530R91,code128,,Default Category,nos1,nos1,nos1,8598.32,13106,5,GST @28%,exclusive,no_image.png,,,,,,,,,84099949,,,,,0,,
GEAR F.I.PUMP,005556532R1,code128,,Default Category,nos1,nos1,nos1,599.34,932,5,GST @18%,exclusive,no_image.png,,,,,,,,,84834000,,,,,0,,
GEAR F.I.PUMP,005556532R1-PB,code128,,Default Category,nos1,nos1,nos1,668.82,1065,5,GST @18%,exclusive,no_image.png,,,,,,,,,84839000,,,,,0,,
STARTER SWITCH W/KEYS (MOULDED),005556543R91,code128,,Default Category,nos1,nos1,nos1,268.8,418,5,GST @28%,exclusive,no_image.png,,,,,,,,,87089900,,,,,0,,
STARTER SWITCH W/KEYS (MOULDED),005556543R91-PB,code128,,Default Category,nos1,nos1,nos1,236.13,376,5,GST @18%,exclusive,no_image.png,,,,,,,,,85365090,,,,,0,,
HOSE CLIP THERMOSTAT BY PASS,005556668R91,code128,,Default Category,nos1,nos1,nos1,8.2,14,5,GST @18%,exclusive,no_image.png,,,,,,,,,40092100,,,,,0,,
HOSE CLIP THERMOSTAT BY PASS T,005556668R91-PB,code128,,Default Category,nos1,nos1,nos1,10.39,16,5,GST @18%,exclusive,no_image.png,,,,,,,,,40091100,,,,,0,,
GUARD STARTER MOTOR,005556674R2,code128,,Default Category,nos1,nos1,nos1,39.56,63,5,GST @28%,exclusive,no_image.png,,,,,,,,,87081010,,,,,0,,
OIL SEAL 3L 45.60X73.38X12.70.00,005556721R91,code128,,Default Category,nos1,nos1,nos1,144.44,230,5,GST @18%,exclusive,no_image.png,,,,,,,,,40169330,,,,,0,,
FILTER AND HEAD ASSEMBLY,005556868R91,code128,,Default Category,nos1,nos1,nos1,313.1,444,5,GST @18%,exclusive,no_image.png,,,,,,,,,84212300,,,,,0,,
FILTER & HEAD ASSY,005556868R91-PB,code128,,Default Category,nos1,nos1,nos1,266.11,394,5,GST @28%,exclusive,no_image.png,,,,,,,,,84099990,,,,,0,,
FILTER HEAD & INSERT ASSY,005556869R91,code128,,Default Category,nos1,nos1,nos1,159.83,273,5,GST @18%,exclusive,no_image.png,,,,,,,,,84212300,,,,,0,,
FILTER HEAD & INSERT ASSY,005556869R91-PB,code128,,Default Category,nos1,nos1,nos1,206.61,329,5,GST @28%,exclusive,no_image.png,,,,,,,,,84099990,,,,,0,,
KIT PISTON/SLEEVE/RING DI FOR,005556877R91,code128,,Default Category,nos1,nos1,nos1,2023.06,3025,5,GST @28%,exclusive,no_image.png,,,,,,,,,87089900,,,,,0,,
KIT PISTON/SLEEVE/RING D.I.FOR ONE CYL,005556878R91,code128,,Default Category,nos1,nos1,nos1,1972.9,2950,5,GST @28%,exclusive,no_image.png,,,,,,,,,87089900,,,,,0,,
KIT PISTON/SLEEVE/RING ONE CYL. DI,005556881R91,code128,,Default Category,nos1,nos1,nos1,1853.23,2990,5,GST @28%,exclusive,no_image.png,,,,,,,,,87089900,,,,,0,,
TRACTOR SEAT COVER REXINE,005556884R1,code128,,Default Category,nos1,nos1,nos1,160.73,245,5,GST @18%,exclusive,no_image.png,,,,,,,,,94019000,,,,,0,,
SCREW-INTAKE MANIFOLD,005557005R1,code128,,Default Category,nos1,nos1,nos1,55.11,84,5,GST @18%,exclusive,no_image.png,,,,,,,,,73181110,,,,,0,,
BATTERY (12V 88AH),005557013R91,code128,,Default Category,nos1,nos1,nos1,5936.03,9048,5,GST @28%,exclusive,no_image.png,,,,,,,,,85071000,,,,,0,,
CRANKSHAFT COMPLETE,005557051R11,code128,,Default Category,nos1,nos1,nos1,9008.36,13731,5,GST @18%,exclusive,no_image.png,,,,,,,,,84831092,,,,,0,,
CRANK SHAFT,005557053R11,code128,,Default Category,nos1,nos1,nos1,8719.39,13559,5,GST @18%,exclusive,no_image.png,,,,,,,,,84831092,,,,,0,,
CRANK 3 CYL R 275 WTH DWL,005557053R11-PB,code128,,Default Category,nos1,nos1,nos1,7739.36,13114,5,GST @28%,exclusive,no_image.png,,,,,,,,,87089900,,,,,0,,
HOOD AND RADIATOR GRILL HOUSIN,005557066R92,code128,,Default Category,nos1,nos1,nos1,4156.39,6041,5,GST @18%,exclusive,no_image.png,,,,,,,,,84818050,,,,,0,,
PIPE CPTE OVERFLOW 4 CYL - NEW,005557072R93,code128,,Default Category,nos1,nos1,nos1,93.57,136,5,GST @18%,exclusive,no_image.png,,,,,,,,,73041910,,,,,0,,
PIPE COMPLETE OVERFLOW,005557072R94,code128,,Default Category,nos1,nos1,nos1,101.74,162,5,GST @28%,exclusive,no_image.png,,,,,,,,,87089900,,,,,0,,
NUT HEX M12 X 1.75 X 10.0 X 6.6,005557077R1,code128,,Default Category,nos1,nos1,nos1,3.62,6,5,GST @18%,exclusive,no_image.png,,,,,,,,,73181110,,,,,0,,
FILTER OIL SPIN ON IMP PAPER MEDIA,005557147R91,code128,,Default Category,nos1,nos1,nos1,119.25,206,5,GST @18%,exclusive,no_image.png,,,,,,,,,84212300,,,,,0,,
FILTER OIL SPIN ON IMP PAPER MEDIA,005557147R91-PB,code128,,Default Category,nos1,nos1,nos1,131.03,194,5,GST @18%,exclusive,no_image.png,,,,,,,,,84211100,,,,,0,,
COVER VALVE HOUSING 4DI,005557148R91,code128,,Default Category,nos1,nos1,nos1,524.28,762,5,GST @28%,exclusive,no_image.png,,,,,,,,,84099949,,,,,0,,
COVER VALVE HOUSING 4DI,005557148R91-PB,code128,,Default Category,nos1,nos1,nos1,456.66,780,5,GST @28%,exclusive,no_image.png,,,,,,,,,84099990,,,,,0,,
COVER ROCKER ARM,005557148R92,code128,,Default Category,nos1,nos1,nos1,533.17,849,5,GST @28%,exclusive,no_image.png,,,,,,,,,84099941,,,,,0,,
PISTON RING TOP ( 100 ),005557169R1,code128,,Default Category,nos1,nos1,nos1,562.81,818,5,GST @18%,exclusive,no_image.png,,,,,,,,,84818050,,,,,0,,
PISTON RING TOP (GOETZE INDIA),005557169R2,code128,,Default Category,nos1,nos1,nos1,465.58,724,5,GST @28%,exclusive,no_image.png,,,,,,,,,84099913,,,,,0,,
PISTON RING TOP (GOETZE INDIA),005557169R2-PB,code128,,Default Category,nos1,nos1,nos1,445.54,761,5,GST @28%,exclusive,no_image.png,,,,,,,,,84099112,,,,,0,,
PISTON RING OIL CONTROL BOTTOM,005557171R1,code128,,Default Category,nos1,nos1,nos1,185.08,269,5,GST @18%,exclusive,no_image.png,,,,,,,,,84818050,,,,,0,,
GASKET VALVE HOUSING COVER,005557179R1,code128,,Default Category,nos1,nos1,nos1,51.45,80,5,GST @18%,exclusive,no_image.png,,,,,,,,,40169340,,,,,0,,
GASKET VALVE HOUSING COVER - 4,005557179R1-PB,code128,,Default Category,nos1,nos1,nos1,52.75,84,5,GST @18%,exclusive,no_image.png,,,,,,,,,40169310,,,,,0,,
NUT DOME CAP (M8X1.25X19),005557308R2,code128,,Default Category,nos1,nos1,nos1,12.38,18,5,GST @18%,exclusive,no_image.png,,,,,,,,,73181600,,,,,0,,
CAM SHAFT,005557310R1,code128,,Default Category,nos1,nos1,nos1,1500.93,2334,5,GST @18%,exclusive,no_image.png,,,,,,,,,84839000,,,,,0,,
CAM SHAFT - 2 CYL LS,005557310R1-PB,code128,,Default Category,nos1,nos1,nos1,1644.73,2619,5,GST @18%,exclusive,no_image.png,,,,,,,,,84831099,,,,,0,,
SLEEVE CYLINDER LS GRADE 2,005557311F1,code128,,Default Category,nos1,nos1,nos1,438.27,779,5,GST @28%,exclusive,no_image.png,,,,,,,,,87089900,,,,,0,,
SLEEVE CYLINDER LS GRADE 3,005557311H1,code128,,Default Category,nos1,nos1,nos1,571.06,830,5,GST @28%,exclusive,no_image.png,,,,,,,,,87089900,,,,,0,,
LINER FOR 88.9 BORE 110 STROKE,005557311R1,code128,,Default Category,nos1,nos1,nos1,663.28,1011,5,GST @28%,exclusive,no_image.png,,,,,,,,,87083000,,,,,0,,
SLEEVE ENGINE CYLINDER (MDI),005557311R2,code128,,Default Category,nos1,nos1,nos1,559.63,865,5,GST @28%,exclusive,no_image.png,,,,,,,,,84099949,,,,,0,,
CYLINDER LINER PB,005557311R2-PB,code128,,Default Category,nos1,nos1,nos1,757.77,1284,5,GST @28%,exclusive,no_image.png,,,,,,,,,84099990,,,,,0,,
PISTON (FOR 88.9 BORE LONG STROKE),005557312R1,code128,,Default Category,nos1,nos1,nos1,944.67,1469,5,GST @28%,exclusive,no_image.png,,,,,,,,,84099112,,,,,0,,
PISTON FOR 88.9 BORE LONG STROKE,005557312R1-PB,code128,,Default Category,nos1,nos1,nos1,885.46,1458,5,GST @28%,exclusive,no_image.png,,,,,,,,,84099912,,,,,0,,
BOLT FOR CONNECTING ROD LONG STROKE,005557316R1,code128,,Default Category,nos1,nos1,nos1,35.78,52,5,GST @18%,exclusive,no_image.png,,,,,,,,,73181500,,,,,0,,
BOLT FOR CONNECTING ROD LONG STROKE,005557316R1-PB,code128,,Default Category,nos1,nos1,nos1,34.11,51,5,GST @18%,exclusive,no_image.png,,,,,,,,,73181110,,,,,0,,
NUT FOR CONNECTING ROD LONG STROKE,005557317R1,code128,,Default Category,nos1,nos1,nos1,7.67,11,5,GST @18%,exclusive,no_image.png,,,,,,,,,73181600,,,,,0,,
CONNECTING ROD ASSLY  LONG STR,005557318R91,code128,,Default Category,nos1,nos1,nos1,1093.97,1590,5,GST @18%,exclusive,no_image.png,,,,,,,,,84818050,,,,,0,,
CRANKSHAFT 3 CYL. LONG STROKE,005557319R1,code128,,Default Category,nos1,nos1,nos1,8838.24,15782,5,GST @18%,exclusive,no_image.png,,,,,,,,,84831092,,,,,0,,
CRANKSHAFT 3 CYL. LONG STROKE,005557319R1-PB,code128,,Default Category,nos1,nos1,nos1,10784,17757,5,GST @28%,exclusive,no_image.png,,,,,,,,,87089900,,,,,0,,
CAMSHAFT (3 CYLINDER LONG STROKE),005557320R1,code128,,Default Category,nos1,nos1,nos1,1747.86,2718,5,GST @18%,exclusive,no_image.png,,,,,,,,,84831099,,,,,0,,
CAMSHAFT 3 CYLINDER LONG STROKE,005557320R1-PB,code128,,Default Category,nos1,nos1,nos1,1873.95,2984,5,GST @18%,exclusive,no_image.png,,,,,,,,,84831099,,,,,0,,
BRACKET (PULL TO STOP CABLE MOUNTING),005557403R2,code128,,Default Category,nos1,nos1,nos1,41.33,63,5,GST @18%,exclusive,no_image.png,,,,,,,,,83023090,,,,,0,,
PIPE COMPLETE LUBRICATION OIL TO FIP,005557408R91,code128,,Default Category,nos1,nos1,nos1,1063.84,1676,5,GST @28%,exclusive,no_image.png,,,,,,,,,87089900,,,,,0,,
CRANKCASE CPTE ASSY-3505,005557410R91,code128,,Default Category,nos1,nos1,nos1,13085.77,19946,5,GST @28%,exclusive,no_image.png,,,,,,,,,84099941,,,,,0,,
MANIFOLD-EXHAUST,005557412R1,code128,,Default Category,nos1,nos1,nos1,348.54,555,5,GST @18%,exclusive,no_image.png,,,,,,,,,85030010,,,,,0,,
(ALT 'E')  PUMP CPTE.HYD.TANDUM,005557415R91,code128,,Default Category,nos1,nos1,nos1,7059.92,11236,5,GST @28%,exclusive,no_image.png,,,,,,,,,84138190,,,,,0,,
VALVE SPRING (STIFFENED),005557570R1,code128,,Default Category,nos1,nos1,nos1,30.44,52,5,GST @28%,exclusive,no_image.png,,,,,,,,,87089900,,,,,0,,
VALVE SPRING - STIFFENED,005557570R1-PB,code128,,Default Category,nos1,nos1,nos1,36.78,55,5,GST @18%,exclusive,no_image.png,,,,,,,,,73202000,,,,,0,,
CUP VALVE SPRING RETAINER,005557631R1,code128,,Default Category,nos1,nos1,nos1,19.32,33,5,GST @18%,exclusive,no_image.png,,,,,,,,,73181500,,,,,0,,
CUP VALVE SPRING RETAINER UPPE,005557631R1-PB,code128,,Default Category,nos1,nos1,nos1,30.1,52,5,GST @28%,exclusive,no_image.png,,,,,,,,,87089900,,,,,0,,
VALVE INTAKE,005557659R1,code128,,Default Category,nos1,nos1,nos1,119.27,212,5,GST @28%,exclusive,no_image.png,,,,,,,,,84099949,,,,,0,,
VALVE EXHAUST,005557660R1,code128,,Default Category,nos1,nos1,nos1,114.16,195,5,GST @28%,exclusive,no_image.png,,,,,,,,,84099949,,,,,0,,
VALVE INTAKE (CHROM FLASH),005557661R1,code128,,Default Category,nos1,nos1,nos1,117.68,183,5,GST @28%,exclusive,no_image.png,,,,,,,,,84099949,,,,,0,,
VALVE INTAKE-CHROM.FLASH-MULTI,005557661R1-PB,code128,,Default Category,nos1,nos1,nos1,130,207,5,GST @18%,exclusive,no_image.png,,,,,,,,,84219900,,,,,0,,
VALVE EXHAUST (CHROM FLASH),005557662R1,code128,,Default Category,nos1,nos1,nos1,133.76,208,5,GST @28%,exclusive,no_image.png,,,,,,,,,84099949,,,,,0,,
VALVE EXHAUST-CHROM.FLASH-MULT,005557662R1-PB,code128,,Default Category,nos1,nos1,nos1,149.92,239,5,GST @28%,exclusive,no_image.png,,,,,,,,,84099111,,,,,0,,
CABLE-PULL TO STOP,005557674R93,code128,,Default Category,nos1,nos1,nos1,130.73,190,5,GST @28%,exclusive,no_image.png,,,,,,,,,87081010,,,,,0,,
PULL TO STOP CABLE,005557674R95,code128,,Default Category,nos1,nos1,nos1,84.89,145,5,GST @28%,exclusive,no_image.png,,,,,,,,,87089900,,,,,0,,
CABLE PULL TO STOP,005557674R97,code128,,Default Category,nos1,nos1,nos1,195.94,312,5,GST @28%,exclusive,no_image.png,,,,,,,,,87089900,,,,,0,,
COLLET (VALVE MULTI GROOVE),005557681R1,code128,,Default Category,nos1,nos1,nos1,6.43,10,5,GST @18%,exclusive,no_image.png,,,,,,,,,84818090,,,,,0,,
MULTI GROOVE COLLET VALVE,005557681R1-PB,code128,,Default Category,nos1,nos1,nos1,7.75,13,5,GST @18%,exclusive,no_image.png,,,,,,,,,85030010,,,,,0,,
OIL LEVEL GAUGE & O RING ASSY,005557702R91,code128,,Default Category,nos1,nos1,nos1,21.25,36,5,GST @18%,exclusive,no_image.png,,,,,,,,,40169320,,,,,0,,
GAUGE OIL LEVEL WITH O RING,005557702R92,code128,,Default Category,nos1,nos1,nos1,43.33,69,5,GST @18%,exclusive,no_image.png,,,,,,,,,40169320,,,,,0,,
OIL LEVEL GAUGE & O RING ASSY,005557702R92-PB,code128,,Default Category,nos1,nos1,nos1,54.01,86,5,GST @28%,exclusive,no_image.png,,,,,,,,,87089900,,,,,0,,
STARTER MOTOR,005557737R91,code128,,Default Category,nos1,nos1,nos1,7793.37,12119,5,GST @28%,exclusive,no_image.png,,,,,,,,,85114000,,,,,0,,
STARTER MOTOR LUCAS 2M14,005557737R91-PB,code128,,Default Category,nos1,nos1,nos1,9688.78,15428,5,GST @28%,exclusive,no_image.png,,,,,,,,,87089900,,,,,0,,
ALTERNATOR (36 A W/PULLEY),005557754R91,code128,,Default Category,nos1,nos1,nos1,8656.1,13461,5,GST @18%,exclusive,no_image.png,,,,,,,,,85016200,,,,,0,,
PISTON AND PIN ASSEMBLY,005557784R91,code128,,Default Category,nos1,nos1,nos1,1135.02,1765,5,GST @28%,exclusive,no_image.png,,,,,,,,,84099914,,,,,0,,
PISTON & PIN ASSY FOR 2185 / 3305 / 4375,005557784R91-PB,code128,,Default Category,nos1,nos1,nos1,1059.15,1744,5,GST @28%,exclusive,no_image.png,,,,,,,,,84099912,,,,,0,,
CRANK SHAFT 255DI LS WITH DOWEL PIN,005557788R11,code128,,Default Category,nos1,nos1,nos1,7475.08,11903,5,GST @18%,exclusive,no_image.png,,,,,,,,,84831092,,,,,0,,
CRANKSHAFT CPTE.-255DI-LS,005557790R91,code128,,Default Category,nos1,nos1,nos1,9335.85,14866,5,GST @18%,exclusive,no_image.png,,,,,,,,,84839000,,,,,0,,
HEAD CYLINDER ASSLY -2DI LS,005557793R91,code128,,Default Category,nos1,nos1,nos1,5864.89,9339,5,GST @28%,exclusive,no_image.png,,,,,,,,,84099941,,,,,0,,
HOSE THERMOSTAT BYPASS KNITTED,005557797R1,code128,,Default Category,nos1,nos1,nos1,36.3,62,5,GST @18%,exclusive,no_image.png,,,,,,,,,40092200,,,,,0,,
HOSE THERMOSTAT BYPASS KNITTED,005557797R1-PB,code128,,Default Category,nos1,nos1,nos1,40.72,69,5,GST @18%,exclusive,no_image.png,,,,,,,,,40091100,,,,,0,,
RADIATOR COWL DIA424 FOR RECOVERY BOTTLE,005557797R3,code128,,Default Category,nos1,nos1,nos1,336.68,534,5,GST @28%,exclusive,no_image.png,,,,,,,,,87089100,,,,,0,,
BOLT (M8X1.25X22X8.8),005557810R1,code128,,Default Category,nos1,nos1,nos1,6.19,9,5,GST @18%,exclusive,no_image.png,,,,,,,,,73181500,,,,,0,,
GAUGE OIL LEVEL (THREADED),005557815R91,code128,,Default Category,nos1,nos1,nos1,37.05,59,5,GST @18%,exclusive,no_image.png,,,,,,,,,90261020,,,,,0,,
GAUGE OIL LEVEL - THREADED-EXTRA LONG,005557815R91-PB,code128,,Default Category,nos1,nos1,nos1,46.81,70,5,GST @18%,exclusive,no_image.png,,,,,,,,,85030010,,,,,0,,
SCREEN ASSEMBLY (OIL PUMP),005557816R91,code128,,Default Category,nos1,nos1,nos1,89.44,130,5,GST @18%,exclusive,no_image.png,,,,,,,,,84139190,,,,,0,,
GASKET OIL PAN (4 CYLINDER),005557831R1,code128,,Default Category,nos1,nos1,nos1,45.66,71,5,GST @18%,exclusive,no_image.png,,,,,,,,,84841090,,,,,0,,
GASKET OIL PAN 4 CYL,005557831R1-PB,code128,,Default Category,nos1,nos1,nos1,45.57,67,5,GST @18%,exclusive,no_image.png,,,,,,,,,40169310,,,,,0,,
GASKET OIL PAN (3 CYLINDER),005557832R1,code128,,Default Category,nos1,nos1,nos1,37.3,58,5,GST @18%,exclusive,no_image.png,,,,,,,,,84841090,,,,,0,,
GASKET OIL PAN - 3 CYL,005557832R1-PB,code128,,Default Category,nos1,nos1,nos1,39.46,59,5,GST @18%,exclusive,no_image.png,,,,,,,,,73181110,,,,,0,,
BOLT (M8 X 1.5 X 20 FIP GEAR MT),005557833R1,code128,,Default Category,nos1,nos1,nos1,6.88,10,5,GST @18%,exclusive,no_image.png,,,,,,,,,73181500,,,,,0,,
GEAR FUEL INJECTION PUMP,005557834R1,code128,,Default Category,nos1,nos1,nos1,622.49,968,5,GST @18%,exclusive,no_image.png,,,,,,,,,84834000,,,,,0,,
GEAR FUEL INJECTION PUMP-INTEGRAL A,005557834R1-PB,code128,,Default Category,nos1,nos1,nos1,673.84,1073,5,GST @18%,exclusive,no_image.png,,,,,,,,,84839000,,,,,0,,
TUBE AND ADAPTOR ASSEMBLY,005557836R91,code128,,Default Category,nos1,nos1,nos1,38.31,61,5,GST @28%,exclusive,no_image.png,,,,,,,,,84099949,,,,,0,,
TUBE & ADAPTOR ASSY,005557836R91-PB,code128,,Default Category,nos1,nos1,nos1,41.45,66,5,GST @28%,exclusive,no_image.png,,,,,,,,,84099191,,,,,0,,
ENGINE REPAIR KIT,005557837R92,code128,,Default Category,nos1,nos1,nos1,3917.9,6692,5,GST @28%,exclusive,no_image.png,,,,,,,,,84099949,,,,,0,,
KIT ENGINE REPAIR (3DI-MINOR),005557837R92-PB,code128,,Default Category,nos1,nos1,nos1,4321.9,6882,5,GST @28%,exclusive,no_image.png,,,,,,,,,87089900,,,,,0,,
ENGINE REPAIR KIT,005557838R92,code128,,Default Category,nos1,nos1,nos1,4937.18,8433,5,GST @28%,exclusive,no_image.png,,,,,,,,,84099949,,,,,0,,
KIT ENGINE REPAIR (4DI-MINOR),005557838R92-PB,code128,,Default Category,nos1,nos1,nos1,4988.12,8520,5,GST @28%,exclusive,no_image.png,,,,,,,,,87089900,,,,,0,,
CRANKCASE CPTE DECK LIFT 255DI,005557843R91,code128,,Default Category,nos1,nos1,nos1,19314.41,29440,5,GST @18%,exclusive,no_image.png,,,,,,,,,84839000,,,,,0,,
OIL SEAL REAR AXLE  (3 LIP),005558021R91,code128,,Default Category,nos1,nos1,nos1,43.3,66,5,GST @28%,exclusive,no_image.png,,,,,,,,,87085000,,,,,0,,
MANIFOLD AIR INTAKE COLD START,005558030R1,code128,,Default Category,nos1,nos1,nos1,768.74,1328,5,GST @28%,exclusive,no_image.png,,,,,,,,,84099949,,,,,0,,
OIL PAN CRANKCASE (4DI),005558051R91,code128,,Default Category,nos1,nos1,nos1,967.75,1541,5,GST @28%,exclusive,no_image.png,,,,,,,,,84099949,,,,,0,,
MOTOR STARTER (2.2 Kw Export),005558084R91,code128,,Default Category,nos1,nos1,nos1,15325.43,23688,5,GST @28%,exclusive,no_image.png,,,,,,,,,85114000,,,,,0,,
STARTER MOTOR M/S AUTO IGNITIO,005558102R91,code128,,Default Category,nos1,nos1,nos1,4938.13,7679,5,GST @28%,exclusive,no_image.png,,,,,,,,,85114000,,,,,0,,
STARTER MOTOR M/S AUTO IGNITIO,005558102R91-PB,code128,,Default Category,nos1,nos1,nos1,5530.39,9371,5,GST @18%,exclusive,no_image.png,,,,,,,,,85119000,,,,,0,,
MOTOR STARTER (2.2 KW),005558102R92,code128,,Default Category,nos1,nos1,nos1,6594.57,10193,5,GST @28%,exclusive,no_image.png,,,,,,,,,85114000,,,,,0,,
EYEBOLT,005558118R1,code128,,Default Category,nos1,nos1,nos1,149.03,247,5,GST @18%,exclusive,no_image.png,,,,,,,,,73181110,,,,,0,,
HEATER PLUG ENGINE,005558187R1,code128,,Default Category,nos1,nos1,nos1,2674.65,4259,5,GST @18%,exclusive,no_image.png,,,,,,,,,90173021,,,,,0,,
WASHER SEAL CU G22.2X28.9X3,005558280R1,code128,,Default Category,nos1,nos1,nos1,21.33,31,5,GST @18%,exclusive,no_image.png,,,,,,,,,73181500,,,,,0,,
CONTROL ROD CPTE FOOT PEDAL TO CROS,005558291R91,code128,,Default Category,nos1,nos1,nos1,47.89,73,5,GST @28%,exclusive,no_image.png,,,,,,,,,87089900,,,,,0,,
BRACKET (ALTERNATOR MOUNTING),005558298R91,code128,,Default Category,nos1,nos1,nos1,314.98,538,5,GST @18%,exclusive,no_image.png,,,,,,,,,84834000,,,,,0,,
BRACKET CPTE ALTERNATOR MOUNTI,005558298R91-PB,code128,,Default Category,nos1,nos1,nos1,412.81,607,5,GST @18%,exclusive,no_image.png,,,,,,,,,83025000,,,,,0,,
GASKET VALVE HOUSING COVER (2DI),005558410R1,code128,,Default Category,nos1,nos1,nos1,53.28,91,5,GST @18%,exclusive,no_image.png,,,,,,,,,73181110,,,,,0,,
GASKET VALVE HSG COVER 2DI,005558410R1-PB,code128,,Default Category,nos1,nos1,nos1,69.57,103,5,GST @18%,exclusive,no_image.png,,,,,,,,,40169310,,,,,0,,
CRANKCASE ASSEMBLY,005558544R91,code128,,Default Category,nos1,nos1,nos1,18686.14,29755,5,GST @28%,exclusive,no_image.png,,,,,,,,,84099949,,,,,0,,
WIRING HARNESS CPTE FOR GENSET,005558813R91,code128,,Default Category,nos1,nos1,nos1,1287.3,1891,5,GST @18%,exclusive,no_image.png,,,,,,,,,85441110,,,,,0,,
WIRING HARNESS CPTE FOR GENSET,005558813R91-PB,code128,,Default Category,nos1,nos1,nos1,1171.5,1929,5,GST @18%,exclusive,no_image.png,,,,,,,,,85441110,,,,,0,,
SWITCH LOW OIL PRESSURE,005558814R91,code128,,Default Category,nos1,nos1,nos1,850.31,1354,5,GST @18%,exclusive,no_image.png,,,,,,,,,85361010,,,,,0,,
SWITCH SAFETY HIGH TEMP,005558815R91,code128,,Default Category,nos1,nos1,nos1,916.73,1454,5,GST @18%,exclusive,no_image.png,,,,,,,,,85361060,,,,,0,,
SOLENOID ASSLY FOR GENSET,005558820R91,code128,,Default Category,nos1,nos1,nos1,1506.31,2296,5,GST @18%,exclusive,no_image.png,,,,,,,,,84818050,,,,,0,,
HORN SWITCH FOR MINDA CLUSTER,005558829R91,code128,,Default Category,nos1,nos1,nos1,68.89,105,5,GST @18%,exclusive,no_image.png,,,,,,,,,85361020,,,,,0,,
STARTER SWITCH CPTE. ( PLASTIC,005558982R91,code128,,Default Category,nos1,nos1,nos1,115.59,168,5,GST @28%,exclusive,no_image.png,,,,,,,,,87081010,,,,,0,,
STARTER SWITCH CPTE,005558982R92,code128,,Default Category,nos1,nos1,nos1,144.49,210,5,GST @18%,exclusive,no_image.png,,,,,,,,,85365090,,,,,0,,
SWITCH MAGNETIC,005558982R93,code128,,Default Category,nos1,nos1,nos1,299.67,466,5,GST @28%,exclusive,no_image.png,,,,,,,,,87089900,,,,,0,,
MAGNETIC SWITCH (MANUAL KEY PANEL),005558982R93-PB,code128,,Default Category,nos1,nos1,nos1,248.06,395,5,GST @18%,exclusive,no_image.png,,,,,,,,,85365090,,,,,0,,
TAIL LAMP RH W PLASTIC HSG ASSY FOR EXPO,005558988R91,code128,,Default Category,nos1,nos1,nos1,246.31,358,5,GST @18%,exclusive,no_image.png,,,,,,,,,73182400,,,,,0,,
WIRING HARNESS CPTE FOR NE GEN,005559039R91,code128,,Default Category,nos1,nos1,nos1,1465.65,2153,5,GST @18%,exclusive,no_image.png,,,,,,,,,85441110,,,,,0,,
WIRING HARNESS CPTE FOR NE GEN,005559039R91-PB,code128,,Default Category,nos1,nos1,nos1,1433.79,2449,5,GST @18%,exclusive,no_image.png,,,,,,,,,85441110,,,,,0,,
TIMER RELAY FOR HEATER BERU,005559087R91,code128,,Default Category,nos1,nos1,nos1,1167.41,1994,5,GST @#N/A,exclusive,no_image.png,,,,,,,,,85364900,,,,,0,,
SOLENOID FOR NE GESNET ENGINE,005559089R91,code128,,Default Category,nos1,nos1,nos1,1610.02,2750,5,GST @18%,exclusive,no_image.png,,,,,,,,,84834000,,,,,0,,
CABLE HOUR METER (NBP),005559129R92,code128,,Default Category,nos1,nos1,nos1,355.58,542,5,GST @18%,exclusive,no_image.png,,,,,,,,,85442010,,,,,0,,
FUSEBOX HOUSING 6 POLE BIC,005559130R91,code128,,Default Category,nos1,nos1,nos1,45.7,72,5,GST @18%,exclusive,no_image.png,,,,,,,,,85359040,,,,,0,,
PARK. & TURN SIGNAL ASSY FOR NST EXPORT,005559237B91,code128,,Default Category,nos1,nos1,nos1,183.7,267,5,GST @28%,exclusive,no_image.png,,,,,,,,,87081010,,,,,0,,
(ALT WITH 'E') TAIL LAMP LH,005559243B91,code128,,Default Category,nos1,nos1,nos1,13.64,22,5,GST @18%,exclusive,no_image.png,,,,,,,,,85122020,,,,,0,,
V-BELT ENG PULLEY TO IDLER PULLEY-275NST,005559668B1,code128,,Default Category,nos1,nos1,nos1,121.37,185,5,GST @28%,exclusive,no_image.png,,,,,,,,,87089900,,,,,0,,
STICKER FOR PROHIBITION OF ETHER,005559693B1,code128,,Default Category,nos1,nos1,nos1,13.27,22,5,GST @18%,exclusive,no_image.png,,,,,,,,,39199010,,,,,0,,
STEERING BEARING -KIT     RANE,005560057B91,code128,,Default Category,nos1,nos1,nos1,931.81,1468,5,GST @28%,exclusive,no_image.png,,,,,,,,,87089400,,,,,0,,
SPRING ACC. LEVER 15LD,0056000380-LOM,code128,,Default Category,nos1,nos1,nos1,4.1,7,5,GST @18%,exclusive,no_image.png,,,,,,,,,73181110,,,,,0,,
SPRING STOP LEVER 15LD,0056000390-LOM,code128,,Default Category,nos1,nos1,nos1,5.85,10,5,GST @18%,exclusive,no_image.png,,,,,,,,,73181110,,,,,0,,
MOLLA/SPRING N 10.,0056000420-LOM,code128,,Default Category,nos1,nos1,nos1,3.51,6,5,GST @18%,exclusive,no_image.png,,,,,,,,,73202000,,,,,0,,
MOLLA/SPRING          N,0056250230-LOM,code128,,Default Category,nos1,nos1,nos1,10.42,18,5,GST @18%,exclusive,no_image.png,,,,,,,,,73202000,,,,,0,,
MOLLA/SPRING          F   10,0056552200-LOM,code128,,Default Category,nos1,nos1,nos1,27.02,40,5,GST @18%,exclusive,no_image.png,,,,,,,,,73202000,,,,,0,,
SPRING ROCK ARM COVER,0057551280-LOM,code128,,Default Category,nos1,nos1,nos1,2.93,5,5,GST @18%,exclusive,no_image.png,,,,,,,,,73181110,,,,,0,,
VALVE SPRING D.,0057551550-LOM,code128,,Default Category,nos1,nos1,nos1,16.21,24,5,GST @18%,exclusive,no_image.png,,,,,,,,,73181110,,,,,0,,
MOLLA/SPRING          S I 10.,0058015820-LOM,code128,,Default Category,nos1,nos1,nos1,3.51,6,5,GST @18%,exclusive,no_image.png,,,,,,,,,73202000,,,,,0,,
"STARTER MOTOR BOSCH 12V 1,1kW",0058402180-LOM,code128,,Default Category,nos1,nos1,nos1,14562.06,23188,5,GST @18%,exclusive,no_image.png,,,,,,,,,73181500,,,,,0,,
BRAID FILTER,0059760040-LOM,code128,,Default Category,nos1,nos1,nos1,27.89,39,5,GST @28%,exclusive,no_image.png,,,,,,,,,87089900,,,,,0,,
VALVE LOCK,006000002F1,code128,,Default Category,nos1,nos1,nos1,5.14,8,5,GST @18%,exclusive,no_image.png,,,,,,,,,73181500,,,,,0,,
VALVE LOCK-HALF,006000002F1-PB,code128,,Default Category,nos1,nos1,nos1,5.6,10,5,GST @28%,exclusive,no_image.png,,,,,,,,,84099990,,,,,0,,
PISTON RING SECOND (GOETZE IND,006000004R1,code128,,Default Category,nos1,nos1,nos1,175.21,279,5,GST @28%,exclusive,no_image.png,,,,,,,,,84099913,,,,,0,,
WATER PUMP ASSEMBLY (TBK),006000005F91,code128,,Default Category,nos1,nos1,nos1,1978.77,2876,5,GST @28%,exclusive,no_image.png,,,,,,,,,84091000,,,,,0,,
WATER PUMP ASSEMBLY,006000005F92,code128,,Default Category,nos1,nos1,nos1,1357.58,2413,5,GST @28%,exclusive,no_image.png,,,,,,,,,84133030,,,,,0,,
PISTON RING OIL CONTROL (GOETZ,006000005R91,code128,,Default Category,nos1,nos1,nos1,187.78,292,5,GST @28%,exclusive,no_image.png,,,,,,,,,84099913,,,,,0,,
PISTON RING OIL CONTROL (GOETZ,006000005R91-PB,code128,,Default Category,nos1,nos1,nos1,195.94,312,5,GST @28%,exclusive,no_image.png,,,,,,,,,84099112,,,,,0,,
ALUMINIUM RADIATOR,006000013R91,code128,,Default Category,nos1,nos1,nos1,3281.9,4770,5,GST @18%,exclusive,no_image.png,,,,,,,,,84818050,,,,,0,,
BUSH BIMETTALIC (48.975X53.030X15.00),006000015F1,code128,,Default Category,nos1,nos1,nos1,51.5,82,5,GST @18%,exclusive,no_image.png,,,,,,,,,74122019,,,,,0,,
BUSH BI-MET  48.975X53.030X15.00,006000015F1-PB,code128,,Default Category,nos1,nos1,nos1,74.1,118,5,GST @18%,exclusive,no_image.png,,,,,,,,,84839000,,,,,0,,
"CRANKSHAFT CPTE.BEARING, KEY, DOWEL",006000038R11,code128,,Default Category,nos1,nos1,nos1,11005.85,17118,5,GST @18%,exclusive,no_image.png,,,,,,,,,84831092,,,,,0,,
CRANK SHAFT,006000044R1,code128,,Default Category,nos1,nos1,nos1,10099.39,15394,5,GST @18%,exclusive,no_image.png,,,,,,,,,84831092,,,,,0,,
PIPE  LUB OIL FIP  255LS,006000057R91,code128,,Default Category,nos1,nos1,nos1,51.5,82,5,GST @18%,exclusive,no_image.png,,,,,,,,,73041910,,,,,0,,
AIR BAG - ENGINE REPAIR KIT 21X10.5X12,006000058R2,code128,,Default Category,nos1,nos1,nos1,192.17,306,5,GST @28%,exclusive,no_image.png,,,,,,,,,87089900,,,,,0,,
SPRING AIR INTAKE HOSE,006000060B1,code128,,Default Category,nos1,nos1,nos1,29.86,51,5,GST @18%,exclusive,no_image.png,,,,,,,,,73209090,,,,,0,,
SPRING AIR IN TAKE HOSE,006000060B1-PB,code128,,Default Category,nos1,nos1,nos1,35.45,53,5,GST @18%,exclusive,no_image.png,,,,,,,,,73181110,,,,,0,,
ENGINE REPAIR KIT3DI(WITH MAHLE PISTONS),006000067R91,code128,,Default Category,nos1,nos1,nos1,6270.02,9113,5,GST @28%,exclusive,no_image.png,,,,,,,,,84099990,,,,,0,,
ENGINE REPAIR KIT,006000067R92,code128,,Default Category,nos1,nos1,nos1,7442.89,11574,5,GST @18%,exclusive,no_image.png,,,,,,,,,82055990,,,,,0,,
ENGINE REPAIR KIT3DI,006000067R92-PB,code128,,Default Category,nos1,nos1,nos1,6650.51,11269,5,GST @28%,exclusive,no_image.png,,,,,,,,,87089900,,,,,0,,
NEF-CYL. HEAD ASSY FOR SPARES,006000068F91,code128,,Default Category,nos1,nos1,nos1,18436.2,29357,5,GST @28%,exclusive,no_image.png,,,,,,,,,84099949,,,,,0,,
ENGINE REPAIR KIT,006000068R92,code128,,Default Category,nos1,nos1,nos1,9271.79,14764,5,GST @18%,exclusive,no_image.png,,,,,,,,,82055990,,,,,0,,
ENGINE REPAIR KIT 4DI,006000068R92-PB,code128,,Default Category,nos1,nos1,nos1,9497.11,15638,5,GST @28%,exclusive,no_image.png,,,,,,,,,84099990,,,,,0,,
FRONT COVER-90MMLIFT-W/O FRONT PTO,006000069F1,code128,,Default Category,nos1,nos1,nos1,1909.13,2910,5,GST @28%,exclusive,no_image.png,,,,,,,,,87089900,,,,,0,,
PIPE FEED PUMP TO FILTER,006000073B11,code128,,Default Category,nos1,nos1,nos1,75.39,134,5,GST @28%,exclusive,no_image.png,,,,,,,,,87089900,,,,,0,,
ENGINE REPAIR KIT,006000073R91,code128,,Default Category,nos1,nos1,nos1,7792.68,11878,5,GST @18%,exclusive,no_image.png,,,,,,,,,85441110,,,,,0,,
PIPE CPT FILTER TO INJECTION P,006000074B11,code128,,Default Category,nos1,nos1,nos1,107.33,156,5,GST @18%,exclusive,no_image.png,,,,,,,,,40091100,,,,,0,,
RETAINER UPPER FOR VALVE SPRING,006000077F1,code128,,Default Category,nos1,nos1,nos1,18.15,31,5,GST @18%,exclusive,no_image.png,,,,,,,,,84314990,,,,,0,,
RETAINER UPPER FOR VALVE SPRING,006000077F1-PB,code128,,Default Category,nos1,nos1,nos1,26.65,43,5,GST @28%,exclusive,no_image.png,,,,,,,,,87089900,,,,,0,,
BRACKET FUEL FILTER MOUNTING,006000079B11,code128,,Default Category,nos1,nos1,nos1,90.03,140,5,GST @18%,exclusive,no_image.png,,,,,,,,,83025000,,,,,0,,
BRACKET FUEL FILTER MTG-NST,006000079B11-PB,code128,,Default Category,nos1,nos1,nos1,99.29,146,5,GST @18%,exclusive,no_image.png,,,,,,,,,83025000,,,,,0,,
BRACKET ENGINE MOUNTING FRONT,006000080B11,code128,,Default Category,nos1,nos1,nos1,470.63,780,5,GST @18%,exclusive,no_image.png,,,,,,,,,83023090,,,,,0,,
BRACKET ENGINE MOUNTING FRONT,006000083B11,code128,,Default Category,nos1,nos1,nos1,629.31,1043,5,GST @18%,exclusive,no_image.png,,,,,,,,,83023090,,,,,0,,
PUSHER FAN WHEEL ASSEMBLY,006000085B91,code128,,Default Category,nos1,nos1,nos1,1058.54,1743,5,GST @28%,exclusive,no_image.png,,,,,,,,,87089100,,,,,0,,
PUSHER FAN WHEEL ASSEMBLY,006000085B91-PB,code128,,Default Category,nos1,nos1,nos1,1087.07,1842,5,GST @28%,exclusive,no_image.png,,,,,,,,,84099990,,,,,0,,
NEF OIL PAN 4 CYL. 2 WD,006000088F1,code128,,Default Category,nos1,nos1,nos1,4948.64,7880,5,GST @28%,exclusive,no_image.png,,,,,,,,,87089900,,,,,0,,
FILTER FUEL ASSEMBLY,006000094F1,code128,,Default Category,nos1,nos1,nos1,817.99,1272,5,GST @18%,exclusive,no_image.png,,,,,,,,,84212300,,,,,0,,
ASSY. FUEL  FILTER (F002H20117-049) 0.7L,006000094F1-PB,code128,,Default Category,nos1,nos1,nos1,753.72,1127,5,GST @18%,exclusive,no_image.png,,,,,,,,,84212900,,,,,0,,
COVER FOR INJECTION PUMP GEAR,006000098F1,code128,,Default Category,nos1,nos1,nos1,82.27,131,5,GST @18%,exclusive,no_image.png,,,,,,,,,39269099,,,,,0,,
COVER FOR INJECTION PUMP GEAR,006000098F1-PB,code128,,Default Category,nos1,nos1,nos1,69.08,110,5,GST @28%,exclusive,no_image.png,,,,,,,,,84099990,,,,,0,,
GASKET COVER INJECTION PUMP GEAR,006000099F1,code128,,Default Category,nos1,nos1,nos1,5.65,9,5,GST @18%,exclusive,no_image.png,,,,,,,,,84841090,,,,,0,,
COVER THERMOSTAT HOUSING,006000101F1,code128,,Default Category,nos1,nos1,nos1,124.34,198,5,GST @28%,exclusive,no_image.png,,,,,,,,,87089100,,,,,0,,
CONNECTING PIPE INTAKE-C.I,006000102F1,code128,,Default Category,nos1,nos1,nos1,155.74,248,5,GST @18%,exclusive,no_image.png,,,,,,,,,73041910,,,,,0,,
PLUG (HEX HEAD SCREW),006000110F1,code128,,Default Category,nos1,nos1,nos1,98.39,143,5,GST @18%,exclusive,no_image.png,,,,,,,,,90173021,,,,,0,,
SHIM 4.0MM,0060001130-LOM,code128,,Default Category,nos1,nos1,nos1,42.15,72,5,GST @18%,exclusive,no_image.png,,,,,,,,,73181110,,,,,0,,
SHIM 4.1MM,0060001140-LOM,code128,,Default Category,nos1,nos1,nos1,42.15,72,5,GST @18%,exclusive,no_image.png,,,,,,,,,73181110,,,,,0,,
SHIM 4.2MM.,0060001150-LOM,code128,,Default Category,nos1,nos1,nos1,42.15,72,5,GST @18%,exclusive,no_image.png,,,,,,,,,73181110,,,,,0,,
SHIM 4.3MM,0060001160-LOM,code128,,Default Category,nos1,nos1,nos1,42.15,72,5,GST @18%,exclusive,no_image.png,,,,,,,,,73181110,,,,,0,,
SHIM 4.4MM.,0060001170-LOM,code128,,Default Category,nos1,nos1,nos1,42.15,72,5,GST @18%,exclusive,no_image.png,,,,,,,,,73181110,,,,,0,,
SHIM 4.5MM,0060001180-LOM,code128,,Default Category,nos1,nos1,nos1,42.15,72,5,GST @18%,exclusive,no_image.png,,,,,,,,,73181110,,,,,0,,
SHIM 4.6MM.,0060001190-LOM,code128,,Default Category,nos1,nos1,nos1,43.91,75,5,GST @#N/A,exclusive,no_image.png,,,,,,,,,,,,,,0,,
SHIM 4.7MM,0060001200-LOM,code128,,Default Category,nos1,nos1,nos1,42.15,72,5,GST @18%,exclusive,no_image.png,,,,,,,,,73181110,,,,,0,,
SHIM 4.8MM,0060001210-LOM,code128,,Default Category,nos1,nos1,nos1,42.15,72,5,GST @18%,exclusive,no_image.png,,,,,,,,,73181110,,,,,0,,
SHIM 4.9MM.,0060001220-LOM,code128,,Default Category,nos1,nos1,nos1,42.15,72,5,GST @18%,exclusive,no_image.png,,,,,,,,,73181110,,,,,0,,
PISTON,006000127F1,code128,,Default Category,nos1,nos1,nos1,877.15,1364,5,GST @28%,exclusive,no_image.png,,,,,,,,,84099990,,,,,0,,
PISTON NE452 (C.R. 19.4) (1499,006000127F1-PB,code128,,Default Category,nos1,nos1,nos1,915,1457,5,GST @28%,exclusive,no_image.png,,,,,,,,,84099112,,,,,0,,
SILENCER,006000128F2,code128,,Default Category,nos1,nos1,nos1,1623.06,2359,5,GST @28%,exclusive,no_image.png,,,,,,,,,87089200,,,,,0,,
SHIM 5.0.,0060001290-LOM,code128,,Default Category,nos1,nos1,nos1,42.15,72,5,GST @18%,exclusive,no_image.png,,,,,,,,,73181110,,,,,0,,
SHIM 5.1MM,0060001300-LOM,code128,,Default Category,nos1,nos1,nos1,42.15,72,5,GST @18%,exclusive,no_image.png,,,,,,,,,73181110,,,,,0,,
BOLT (HEX.FLANGED  M8X1.25X145.9X8.8),006000130F1,code128,,Default Category,nos1,nos1,nos1,38.53,56,5,GST @18%,exclusive,no_image.png,,,,,,,,,73181500,,,,,0,,
CRANKSHAFT FF 4CYL LS,006000135R1,code128,,Default Category,nos1,nos1,nos1,12190.74,19412,5,GST @18%,exclusive,no_image.png,,,,,,,,,84831092,,,,,0,,
CRANKSHAFT FF 4CYL LS,006000135R1-PB,code128,,Default Category,nos1,nos1,nos1,14766.95,21864,5,GST @28%,exclusive,no_image.png,,,,,,,,,84099990,,,,,0,,
FAN DIAMETER 450 MM,006000153F1,code128,,Default Category,nos1,nos1,nos1,450.9,718,5,GST @18%,exclusive,no_image.png,,,,,,,,,84145990,,,,,0,,
CAMSHAFT (4 CYLINDER),006000171R1,code128,,Default Category,nos1,nos1,nos1,1686.77,2623,5,GST @18%,exclusive,no_image.png,,,,,,,,,84831099,,,,,0,,
CAMSHAFT 4CYL LS,006000171R1-PB,code128,,Default Category,nos1,nos1,nos1,1770.01,2817,5,GST @18%,exclusive,no_image.png,,,,,,,,,84831099,,,,,0,,
BRACKET FUEL FILTER,006000175F1,code128,,Default Category,nos1,nos1,nos1,55.62,95,5,GST @18%,exclusive,no_image.png,,,,,,,,,73182990,,,,,0,,
BRACKET FUEL FILTER 4500 TIER-II,006000175F1-PB,code128,,Default Category,nos1,nos1,nos1,55.38,82,5,GST @18%,exclusive,no_image.png,,,,,,,,,83025000,,,,,0,,
ELEMENT PRIMARY FILTER,006000177F1,code128,,Default Category,nos1,nos1,nos1,77.87,133,5,GST @18%,exclusive,no_image.png,,,,,,,,,84219900,,,,,0,,
PRIMARY FILTER ELEMENT-10 MICR,006000177F1-PB,code128,,Default Category,nos1,nos1,nos1,103.66,155,5,GST @18%,exclusive,no_image.png,,,,,,,,,84212900,,,,,0,,
BRACKET ALTERNATOR MTG-5520(NEW45),006000184F1,code128,,Default Category,nos1,nos1,nos1,264.99,471,5,GST @18%,exclusive,no_image.png,,,,,,,,,83023090,,,,,0,,
CRANK CASE ASSY 4CYL,006000185F1,code128,,Default Category,nos1,nos1,nos1,32860.31,47760,5,GST @28%,exclusive,no_image.png,,,,,,,,,87081010,,,,,0,,
STRAINER ASSEMBLY (4WD),006000195F1,code128,,Default Category,nos1,nos1,nos1,145.07,231,5,GST @18%,exclusive,no_image.png,,,,,,,,,84219900,,,,,0,,
DIPSTICK (4WD),006000208F1,code128,,Default Category,nos1,nos1,nos1,55.16,89,5,GST @28%,exclusive,no_image.png,,,,,,,,,87084000,,,,,0,,
CRANKSHAFT - B275DI - 3 CYL,006000208R1,code128,,Default Category,nos1,nos1,nos1,5691.38,8272,5,GST @18%,exclusive,no_image.png,,,,,,,,,84839000,,,,,0,,
MANIFOLD EXHUST ASSEMBLY,006000216B92,code128,,Default Category,nos1,nos1,nos1,871.66,1388,5,GST @28%,exclusive,no_image.png,,,,,,,,,84099949,,,,,0,,
GASKET ROTARY FIP MOUNTING,006000222F1,code128,,Default Category,nos1,nos1,nos1,50.94,87,5,GST @18%,exclusive,no_image.png,,,,,,,,,84841010,,,,,0,,
BOLT (HEX. FLANGED M8X1.25X100.7X8.8),006000227F1,code128,,Default Category,nos1,nos1,nos1,12.06,19,5,GST @18%,exclusive,no_image.png,,,,,,,,,73181500,,,,,0,,
TURBOCHARGER,006000250F1,code128,,Default Category,nos1,nos1,nos1,15187.13,23149,5,GST @18%,exclusive,no_image.png,,,,,,,,,84148030,,,,,0,,
SPACER CRANKSHAFT PULLEY,006000259B1,code128,,Default Category,nos1,nos1,nos1,47.89,73,5,GST @18%,exclusive,no_image.png,,,,,,,,,73181500,,,,,0,,
SPACER CRANKSHAFT PULLEY,006000259B1-PB,code128,,Default Category,nos1,nos1,nos1,48.54,78,5,GST @18%,exclusive,no_image.png,,,,,,,,,73181110,,,,,0,,
BOLT(HEX M14 X 1.5 X 32  X 10.9),006000260B1,code128,,Default Category,nos1,nos1,nos1,28.21,41,5,GST @18%,exclusive,no_image.png,,,,,,,,,73181500,,,,,0,,
GASKET EXHAUST MANIFOLD MOUNTING,006000264F1,code128,,Default Category,nos1,nos1,nos1,50.87,81,5,GST @18%,exclusive,no_image.png,,,,,,,,,84841090,,,,,0,,
GASKET EXHAUST MANIFOLD MOUNTI,006000264F1-PB,code128,,Default Category,nos1,nos1,nos1,67.76,100,5,GST @18%,exclusive,no_image.png,,,,,,,,,40169310,,,,,0,,
CRANK SHAFT 475 DI,006000265R1,code128,,Default Category,nos1,nos1,nos1,5877.15,8542,5,GST @18%,exclusive,no_image.png,,,,,,,,,84818050,,,,,0,,
GASKET,006000269F1,code128,,Default Category,nos1,nos1,nos1,179.74,307,5,GST @18%,exclusive,no_image.png,,,,,,,,,84841010,,,,,0,,
GASKET TC MOUNTING TO EXHAUST,006000269F1-PB,code128,,Default Category,nos1,nos1,nos1,248.23,365,5,GST @18%,exclusive,no_image.png,,,,,,,,,40169310,,,,,0,,
GASKET (EXHAUST PIPE TO TURBOCHARGER),006000271F1,code128,,Default Category,nos1,nos1,nos1,191.54,305,5,GST @18%,exclusive,no_image.png,,,,,,,,,84841010,,,,,0,,
GASKET EXHAUST PIPE TO TC,006000271F1-PB,code128,,Default Category,nos1,nos1,nos1,244.15,359,5,GST @18%,exclusive,no_image.png,,,,,,,,,40169310,,,,,0,,
CRANKSHAFT 2 CYL LONGSTROKE,006000272R1,code128,,Default Category,nos1,nos1,nos1,1904.47,2768,5,GST @18%,exclusive,no_image.png,,,,,,,,,84831092,,,,,0,,
FLYWHEEL HOUSING,006000274B1,code128,,Default Category,nos1,nos1,nos1,5662.57,9672,5,GST @18%,exclusive,no_image.png,,,,,,,,,85030010,,,,,0,,
FLYWHEEL HOUSING,006000274B1-PB,code128,,Default Category,nos1,nos1,nos1,4568.7,7275,5,GST @28%,exclusive,no_image.png,,,,,,,,,84099990,,,,,0,,
ALUMINIUM RADIATOR-HIGH END-CE,006000275R91,code128,,Default Category,nos1,nos1,nos1,3829.57,5566,5,GST @28%,exclusive,no_image.png,,,,,,,,,87081010,,,,,0,,
(ALT 'E') RADIATOR ASSEMBLY TATA TOYO,006000275R92,code128,,Default Category,nos1,nos1,nos1,3514.62,6247,5,GST @28%,exclusive,no_image.png,,,,,,,,,87089100,,,,,0,,
BRACKET FLYWHEEL HOUSING (GEN),006000277B11,code128,,Default Category,nos1,nos1,nos1,328.03,500,5,GST @18%,exclusive,no_image.png,,,,,,,,,73182990,,,,,0,,
BRACKET RADIATOR MOUNTING (GEN),006000278B11,code128,,Default Category,nos1,nos1,nos1,301.6,469,5,GST @28%,exclusive,no_image.png,,,,,,,,,87089100,,,,,0,,
BEARING CONNECTING ROD BIG END,006000278F1,code128,,Default Category,nos1,nos1,nos1,71.38,111,5,GST @18%,exclusive,no_image.png,,,,,,,,,84821090,,,,,0,,
BRG.CON.ROD BIG END-NEW65,006000278F1-PB,code128,,Default Category,nos1,nos1,nos1,85.56,118,5,GST @18%,exclusive,no_image.png,,,,,,,,,84821011,,,,,0,,
ENGINE LIFTING BRACKET,006000279B1,code128,,Default Category,nos1,nos1,nos1,39.36,60,5,GST @18%,exclusive,no_image.png,,,,,,,,,73182990,,,,,0,,
BEARING MAIN JOURNAL TOP,006000281F1,code128,,Default Category,nos1,nos1,nos1,66.16,113,5,GST @18%,exclusive,no_image.png,,,,,,,,,84821090,,,,,0,,
MAIN JOURNAL BEARING TOP FOR NEW65,006000281F1-PB,code128,,Default Category,nos1,nos1,nos1,84.15,134,5,GST @28%,exclusive,no_image.png,,,,,,,,,87089900,,,,,0,,
BEARING MAIN JOURNAL  BOTTOM,006000282F1,code128,,Default Category,nos1,nos1,nos1,64.4,110,5,GST @18%,exclusive,no_image.png,,,,,,,,,84821090,,,,,0,,
MAIN JOURNAL BEARING BOTTOM FOR NEW65,006000282F1-PB,code128,,Default Category,nos1,nos1,nos1,84.15,134,5,GST @28%,exclusive,no_image.png,,,,,,,,,87089900,,,,,0,,
CRANKSHAFT FOR NEW65,006000283F1,code128,,Default Category,nos1,nos1,nos1,2288.7,4068,5,GST @18%,exclusive,no_image.png,,,,,,,,,84831092,,,,,0,,
EXHAUST PIPE,006000284F1,code128,,Default Category,nos1,nos1,nos1,189.06,294,5,GST @28%,exclusive,no_image.png,,,,,,,,,87089200,,,,,0,,
EXHAUST VALVE FOR NEW65,006000284F1-PB,code128,,Default Category,nos1,nos1,nos1,209.12,333,5,GST @28%,exclusive,no_image.png,,,,,,,,,84099111,,,,,0,,
INSTRUMENT PANEL (GENSET),006000285B1,code128,,Default Category,nos1,nos1,nos1,432.26,681,5,GST @18%,exclusive,no_image.png,,,,,,,,,85030010,,,,,0,,
INSTRUMENT PANEL BRACKET CPTE.,006000286B11,code128,,Default Category,nos1,nos1,nos1,140.66,226,5,GST @28%,exclusive,no_image.png,,,,,,,,,87089900,,,,,0,,
ANTIVIBRATION MOUNTS CPTE.INST,006000287B1,code128,,Default Category,nos1,nos1,nos1,114.21,166,5,GST @18%,exclusive,no_image.png,,,,,,,,,85030010,,,,,0,,
HOUR METER DUMMY PLATE,006000294B1,code128,,Default Category,nos1,nos1,nos1,13.47,23,5,GST @28%,exclusive,no_image.png,,,,,,,,,87089900,,,,,0,,
FAN GUARD L.H.(GEN.SET),006000296B1,code128,,Default Category,nos1,nos1,nos1,173.96,277,5,GST @28%,exclusive,no_image.png,,,,,,,,,87089900,,,,,0,,
PIPE (CRANKCASE TO TURBOCHARGER),006000296F1,code128,,Default Category,nos1,nos1,nos1,398.23,607,5,GST @18%,exclusive,no_image.png,,,,,,,,,73041910,,,,,0,,
RPM CUM HOUR METER,006000297B1,code128,,Default Category,nos1,nos1,nos1,1418.68,2336,5,GST @18%,exclusive,no_image.png,,,,,,,,,91061000,,,,,0,,
RPM CUM HOUR METER,006000297B1-PB,code128,,Default Category,nos1,nos1,nos1,1532.32,2440,5,GST @18%,exclusive,no_image.png,,,,,,,,,90292020,,,,,0,,
OIL PRESSURE INDICATOR ELECT,006000298B1,code128,,Default Category,nos1,nos1,nos1,357.77,553,5,GST @18%,exclusive,no_image.png,,,,,,,,,85030010,,,,,0,,
OIL PRESSURE INDICATOR ELECT,006000298B1-PB,code128,,Default Category,nos1,nos1,nos1,413.22,658,5,GST @18%,exclusive,no_image.png,,,,,,,,,90268010,,,,,0,,
WATER TEMP. GAUGE ELECT,006000299B1,code128,,Default Category,nos1,nos1,nos1,309.12,528,5,GST @18%,exclusive,no_image.png,,,,,,,,,84831099,,,,,0,,
WATER TEMP. GAUGE ELECT,006000299B1-PB,code128,,Default Category,nos1,nos1,nos1,418.25,666,5,GST @18%,exclusive,no_image.png,,,,,,,,,90268010,,,,,0,,
MANIFOLD EXHAUST - 3 CYL GENSE,006000307B1,code128,,Default Category,nos1,nos1,nos1,540.59,824,5,GST @18%,exclusive,no_image.png,,,,,,,,,84818050,,,,,0,,
PIPE FUEL RETURN -GENSET,006000309B11,code128,,Default Category,nos1,nos1,nos1,320.62,466,5,GST @18%,exclusive,no_image.png,,,,,,,,,84818050,,,,,0,,
PIPE FUEL SUPPLY ENGINE TO TAN,006000310B11,code128,,Default Category,nos1,nos1,nos1,149.88,256,5,GST @18%,exclusive,no_image.png,,,,,,,,,73041910,,,,,0,,
PIPE FUEL SUPPLY ENGINE TO TAN,006000310B11-PB,code128,,Default Category,nos1,nos1,nos1,208.5,332,5,GST @28%,exclusive,no_image.png,,,,,,,,,87089900,,,,,0,,
PIPE RADIATOR OVERFLOW-GENSET,006000311B1,code128,,Default Category,nos1,nos1,nos1,32.8,50,5,GST @18%,exclusive,no_image.png,,,,,,,,,84818050,,,,,0,,
ASSY OILPUMP GROUP 4BAR RELIEF,006000311F91,code128,,Default Category,nos1,nos1,nos1,4038.05,6155,5,GST @28%,exclusive,no_image.png,,,,,,,,,84133020,,,,,0,,
DC AMP METER 30-0-30,006000312B1,code128,,Default Category,nos1,nos1,nos1,188.27,291,5,GST @18%,exclusive,no_image.png,,,,,,,,,90268010,,,,,0,,
AMMETER FOR GENSET,006000312B1-PB,code128,,Default Category,nos1,nos1,nos1,261.45,380,5,GST @18%,exclusive,no_image.png,,,,,,,,,90303310,,,,,0,,
GASKET  METALLIC MANIFOLD EXHAUST,006000317B1,code128,,Default Category,nos1,nos1,nos1,16.96,27,5,GST @18%,exclusive,no_image.png,,,,,,,,,84841090,,,,,0,,
GASKET METALLIC,006000318B1,code128,,Default Category,nos1,nos1,nos1,13.5,21,5,GST @18%,exclusive,no_image.png,,,,,,,,,84841090,,,,,0,,
GASKET METALLIC CYL 'HD & EX' MANIF,006000318B1-PB,code128,,Default Category,nos1,nos1,nos1,17.58,28,5,GST @18%,exclusive,no_image.png,,,,,,,,,40169310,,,,,0,,
PIPE ASSEMBLY LUB OIL INLET,006000320B91,code128,,Default Category,nos1,nos1,nos1,631.77,1006,5,GST @18%,exclusive,no_image.png,,,,,,,,,85030010,,,,,0,,
STICKER MAHINDRA LOGO FOR GENSET,006000322B1,code128,,Default Category,nos1,nos1,nos1,10.54,17,5,GST @18%,exclusive,no_image.png,,,,,,,,,39199010,,,,,0,,
OIL EMANATION TUBE GENSET,006000328B1,code128,,Default Category,nos1,nos1,nos1,103.63,177,5,GST @18%,exclusive,no_image.png,,,,,,,,,85030010,,,,,0,,
OIL EMANATION TUBE GENSET,006000328B1-PB,code128,,Default Category,nos1,nos1,nos1,107.01,170,5,GST @18%,exclusive,no_image.png,,,,,,,,,39171010,,,,,0,,
PRE CLEANER,006000329R91,code128,,Default Category,nos1,nos1,nos1,456.66,780,5,GST @28%,exclusive,no_image.png,,,,,,,,,87089900,,,,,0,,
PRE CLEANER BP/NBP/ 255/245,006000329R91-PB,code128,,Default Category,nos1,nos1,nos1,585.82,1012,5,GST @18%,exclusive,no_image.png,,,,,,,,,85030010,,,,,0,,
BOLT BANJO (M12X1.5X24.30),006000331F1,code128,,Default Category,nos1,nos1,nos1,20.49,35,5,GST @18%,exclusive,no_image.png,,,,,,,,,73181500,,,,,0,,
BOLT BANJO M12X1.5X24.30,006000331F1-PB,code128,,Default Category,nos1,nos1,nos1,26.08,39,5,GST @18%,exclusive,no_image.png,,,,,,,,,73181110,,,,,0,,
BELLOWS FOR GENSET,006000333B1,code128,,Default Category,nos1,nos1,nos1,1230.2,1788,5,GST @18%,exclusive,no_image.png,,,,,,,,,84818050,,,,,0,,
PIPE CPT FUEL OVERFLOW-FOR GEN,006000334B91,code128,,Default Category,nos1,nos1,nos1,310.94,512,5,GST @18%,exclusive,no_image.png,,,,,,,,,73041910,,,,,0,,
PIPE CPT FUEL OVERFLOW-FOR GEN,006000334B91-PB,code128,,Default Category,nos1,nos1,nos1,279.54,469,5,GST @18%,exclusive,no_image.png,,,,,,,,,85030010,,,,,0,,
PLUG CONNECTING  OIL COOLER,006000336F1,code128,,Default Category,nos1,nos1,nos1,72.22,115,5,GST @18%,exclusive,no_image.png,,,,,,,,,85030010,,,,,0,,
CONNECTING PLUG OIL COOLER,006000336F1-PB,code128,,Default Category,nos1,nos1,nos1,79.38,121,5,GST @18%,exclusive,no_image.png,,,,,,,,,84839000,,,,,0,,
OIL COOLER (5 PLATE),006000339F1,code128,,Default Category,nos1,nos1,nos1,1727.29,2686,5,GST @28%,exclusive,no_image.png,,,,,,,,,84099949,,,,,0,,
OIL COOLER (5 PLATE),006000339F1-PB,code128,,Default Category,nos1,nos1,nos1,1857,2957,5,GST @28%,exclusive,no_image.png,,,,,,,,,84099990,,,,,0,,
PIPE FUEL FILTER TO FIP NEF 4W,006000354F1,code128,,Default Category,nos1,nos1,nos1,123.85,180,5,GST @28%,exclusive,no_image.png,,,,,,,,,87081010,,,,,0,,
PIPE FILTER TO FIP,006000354F2,code128,,Default Category,nos1,nos1,nos1,90.16,154,5,GST @28%,exclusive,no_image.png,,,,,,,,,87089900,,,,,0,,
PIPE 4 CYL. NEF FILTER TO FIP,006000354F2-PB,code128,,Default Category,nos1,nos1,nos1,125.61,217,5,GST @28%,exclusive,no_image.png,,,,,,,,,87081010,,,,,0,,
PIPE FILTER TO FUEL INJECTION PUMP,006000354F3,code128,,Default Category,nos1,nos1,nos1,117.04,182,5,GST @28%,exclusive,no_image.png,,,,,,,,,84099949,,,,,0,,
PIPE FEED PUMP TO FUEL FILTER,006000355F1,code128,,Default Category,nos1,nos1,nos1,111.4,198,5,GST @18%,exclusive,no_image.png,,,,,,,,,73041910,,,,,0,,
PIPE FEED PUMP TO FILTER,006000355F3,code128,,Default Category,nos1,nos1,nos1,134.66,230,5,GST @18%,exclusive,no_image.png,,,,,,,,,73041910,,,,,0,,
PIPE FEED PUMP TO FILTER,006000355F3-PB,code128,,Default Category,nos1,nos1,nos1,141.24,244,5,GST @28%,exclusive,no_image.png,,,,,,,,,87089900,,,,,0,,
VALVE SEAT INTAKE,006000362R1,code128,,Default Category,nos1,nos1,nos1,62.8,100,5,GST @28%,exclusive,no_image.png,,,,,,,,,84099941,,,,,0,,
VALVE SEAT INTAKE,006000362R1-PB,code128,,Default Category,nos1,nos1,nos1,68.18,110,5,GST @28%,exclusive,no_image.png,,,,,,,,,87089900,,,,,0,,
VALVE SEAT EXHAUST,006000363R1,code128,,Default Category,nos1,nos1,nos1,66.92,102,5,GST @28%,exclusive,no_image.png,,,,,,,,,84099941,,,,,0,,
VALVE SEAT EXHAUST,006000363R1-PB,code128,,Default Category,nos1,nos1,nos1,72.85,116,5,GST @28%,exclusive,no_image.png,,,,,,,,,87089900,,,,,0,,
PLATE THRUST CAMSHAFT,006000372R1,code128,,Default Category,nos1,nos1,nos1,81.64,130,5,GST @28%,exclusive,no_image.png,,,,,,,,,87084000,,,,,0,,
PLATE THRUST CAMSHAFT,006000372R1-PB,code128,,Default Category,nos1,nos1,nos1,111.78,178,5,GST @18%,exclusive,no_image.png,,,,,,,,,73182990,,,,,0,,
HOUSING WATER DRAIN / HEATER PLUG,006000385F1,code128,,Default Category,nos1,nos1,nos1,89.8,143,5,GST @28%,exclusive,no_image.png,,,,,,,,,87089100,,,,,0,,
PLATE CRANKCASE WATER DRAIN,006000386F1,code128,,Default Category,nos1,nos1,nos1,34.05,54,5,GST @28%,exclusive,no_image.png,,,,,,,,,87089100,,,,,0,,
PLUG TAPER (M18 X 1.5),006000406H1,code128,,Default Category,nos1,nos1,nos1,17.58,28,5,GST @28%,exclusive,no_image.png,,,,,,,,,87089900,,,,,0,,
PIPE FUEL FILTER TO FIP_ 3 CYL.(MOD,006000415F1,code128,,Default Category,nos1,nos1,nos1,96.32,140,5,GST @18%,exclusive,no_image.png,,,,,,,,,73041910,,,,,0,,
(USE 006000354F3) PIPE NEF FILTER TO FIP,006000415F2,code128,,Default Category,nos1,nos1,nos1,178.2,259,5,GST @28%,exclusive,no_image.png,,,,,,,,,87089900,,,,,0,,
PIPE  NEF FILTER TO FIP,006000415F2-PB,code128,,Default Category,nos1,nos1,nos1,158.61,274,5,GST @28%,exclusive,no_image.png,,,,,,,,,87089900,,,,,0,,
GASKET OIL PAN (310203) - 245DI,006000436H1,code128,,Default Category,nos1,nos1,nos1,120.58,192,5,GST @18%,exclusive,no_image.png,,,,,,,,,84841090,,,,,0,,
TUBE CENTERING F COVER DOWEL - 245DI,006000438H1,code128,,Default Category,nos1,nos1,nos1,15.75,24,5,GST @18%,exclusive,no_image.png,,,,,,,,,84818050,,,,,0,,
BRACKET AIR CLEANER,006000439F1,code128,,Default Category,nos1,nos1,nos1,160.77,255,5,GST @18%,exclusive,no_image.png,,,,,,,,,83023090,,,,,0,,
OIL PAN ASSY.SHEET METAL,006000448H1,code128,,Default Category,nos1,nos1,nos1,220.13,376,5,GST @28%,exclusive,no_image.png,,,,,,,,,87081010,,,,,0,,
BOLT M10 X 55 (960146),006000453H1,code128,,Default Category,nos1,nos1,nos1,8.94,13,5,GST @18%,exclusive,no_image.png,,,,,,,,,73181500,,,,,0,,
AIR FILTER ASSEMBLY,006000454F91,code128,,Default Category,nos1,nos1,nos1,1473.25,2321,5,GST @18%,exclusive,no_image.png,,,,,,,,,84219900,,,,,0,,
ELEMENT AIR FILTER,006000455F1,code128,,Default Category,nos1,nos1,nos1,396.94,678,5,GST @18%,exclusive,no_image.png,,,,,,,,,84219900,,,,,0,,
OUTER AIR ELEMENT,006000455F1-PB,code128,,Default Category,nos1,nos1,nos1,471.3,685,5,GST @18%,exclusive,no_image.png,,,,,,,,,85030010,,,,,0,,
ELEMENT AIR FILTER,006000456F1,code128,,Default Category,nos1,nos1,nos1,291.56,498,5,GST @18%,exclusive,no_image.png,,,,,,,,,84219900,,,,,0,,
SAFETY AIR ELEMENT,006000456F1-PB,code128,,Default Category,nos1,nos1,nos1,342.25,529,5,GST @18%,exclusive,no_image.png,,,,,,,,,85030010,,,,,0,,
INJECTOR ASSEMBY (S-TYPE NEF),006000466F1,code128,,Default Category,nos1,nos1,nos1,1399.09,2092,5,GST @28%,exclusive,no_image.png,,,,,,,,,84099949,,,,,0,,
COVER SPECIAL - AIR CLEANER,006000489F1,code128,,Default Category,nos1,nos1,nos1,152.26,258,5,GST @18%,exclusive,no_image.png,,,,,,,,,84219900,,,,,0,,
VACUATOR VALVE AIR CLEANER,006000490F1,code128,,Default Category,nos1,nos1,nos1,38.96,62,5,GST @18%,exclusive,no_image.png,,,,,,,,,84314990,,,,,0,,
HOSE,006000514F1,code128,,Default Category,nos1,nos1,nos1,249.99,427,5,GST @18%,exclusive,no_image.png,,,,,,,,,40092200,,,,,0,,
HOSE SILICONE BETWEEN TC AND C,006000514F1-PB,code128,,Default Category,nos1,nos1,nos1,326.89,484,5,GST @18%,exclusive,no_image.png,,,,,,,,,40091100,,,,,0,,
PLUG FOR BLOCK HEATER WATER DRAIN,006000519F1,code128,,Default Category,nos1,nos1,nos1,33.28,53,5,GST @18%,exclusive,no_image.png,,,,,,,,,73182990,,,,,0,,
INTAKE VALVE,006000520F1,code128,,Default Category,nos1,nos1,nos1,229.58,357,5,GST @28%,exclusive,no_image.png,,,,,,,,,87089900,,,,,0,,
INTAKE VALVE FOR NEW65,006000520F1-PB,code128,,Default Category,nos1,nos1,nos1,243.04,387,5,GST @28%,exclusive,no_image.png,,,,,,,,,87089900,,,,,0,,
PISTON,006000535F1,code128,,Default Category,nos1,nos1,nos1,774.26,1204,5,GST @28%,exclusive,no_image.png,,,,,,,,,84099949,,,,,0,,
PISTON (TCI),006000535F1-PB,code128,,Default Category,nos1,nos1,nos1,761.54,1212,5,GST @28%,exclusive,no_image.png,,,,,,,,,84099990,,,,,0,,
INJECTOR (A433387810 CON. 6X0.207),006000541F1,code128,,Default Category,nos1,nos1,nos1,2539.61,3871,5,GST @28%,exclusive,no_image.png,,,,,,,,,87089900,,,,,0,,
GLOW PLUG,006000548F1,code128,,Default Category,nos1,nos1,nos1,116.81,186,5,GST @18%,exclusive,no_image.png,,,,,,,,,85119000,,,,,0,,
BEARING CYLIDRICAL ROLLER (B 35X62X14),006000565F1,code128,,Default Category,nos1,nos1,nos1,1430.41,2079,5,GST @18%,exclusive,no_image.png,,,,,,,,,84825011,,,,,0,,
BEARING CYLINDRICAL ROLLER (C 35X72X17),006000566F1,code128,,Default Category,nos1,nos1,nos1,866.92,1260,5,GST @18%,exclusive,no_image.png,,,,,,,,,84825011,,,,,0,,
